R,r,m,n_r,n_t,rho,p_r,p_t,Phi_unnormalized
10.0,9.985293128921189,0.0,0.9988232815800714,1.0014728532141148,1.0017684696629477e-06,-2.117582368135751e-22,5.307752539548484e-10,0.0
10.01,9.99530487713294,1.2578943047311815e-05,0.9988285719055401,1.001470202564874,1.001768469897929e-06,1.0616015705654382e-12,5.302453669109103e-10,6.311571057255948e-10
10.02,10.005316559847742,2.5183028075111933e-05,0.9988338363133242,1.0014675637761612,1.0017684678460364e-06,2.117690894443876e-12,5.297175424303153e-10,2.5229315015690327e-09
10.03,10.015328177325458,3.7812280152918506e-05,0.998839074930567,1.001464936786371,1.0017684635119513e-06,3.1682942021281075e-12,5.291917688617016e-10,5.672785527919308e-09
10.04,10.025339729824667,5.0466724350121667e-05,0.9988442878836599,1.0014623215342737,1.0017684569003494e-06,4.213437568680381e-12,5.286680346267641e-10,1.0078191653447217e-08
10.05,10.035351217602624,6.314638573598633e-05,0.9988494752982107,1.0014597179590168,1.0017684480158691e-06,5.253146907379652e-12,5.281463282166545e-10,1.5736632768147908e-08
10.06,10.045362640915265,7.585128937964304e-05,0.9988546372990557,1.0014571260001224,1.0017684368631197e-06,6.287447971627406e-12,5.276266381951573e-10,2.2645602062229014e-08
10.07,10.055374000017268,8.858146035010053e-05,0.9988597740102968,1.0014545455974793,1.0017684234467032e-06,7.316366365112058e-12,5.271089531961493e-10,3.0802602678454114e-08
10.08,10.06538529516206,0.00010133692371623685,0.9988648855553015,1.001451976691341,1.0017684077712097e-06,8.339927541173672e-12,5.265932619246578e-10,4.0205147711925824e-08
10.09,10.075396526601805,0.00011411770454680153,0.9988699720567031,1.0014494192223242,1.001768389841214e-06,9.358156804074514e-12,5.260795531564374e-10,5.085076021008657e-08
10.1,10.08540769458741,0.0001269238279104156,0.9988750336364002,1.0014468731314077,1.0017683696612744e-06,1.0371079306246194e-11,5.255678157364879e-10,6.27369731727187e-08
10.11,10.095418799368527,0.00013975531887557162,0.9988800704155573,1.0014443383599285,1.0017683472359253e-06,1.1378720049771976e-11,5.250580385790536e-10,7.586132955194443e-08
10.12,10.10542984119355,0.00015261220251063364,0.9988850825146043,1.0014418148495827,1.0017683225696777e-06,1.2381103884057432e-11,5.245502106646596e-10,9.022138225222585e-08
10.13,10.115440820309614,0.00016549450388383952,0.9988900700532368,1.0014393025424215,1.0017682956670117e-06,1.337825550688924e-11,5.240443210420168e-10,1.0581469413036778e-07
10.14,10.12545173696265,0.0001784022480632908,0.9988950331504559,1.0014368013808452,1.0017682665324057e-06,1.4370199475446604e-11,5.235403588275989e-10,1.2263883759677284e-07
10.15,10.13546259139738,0.00019133546011696674,0.9988999719245547,1.0014343113076023,1.0017682351703194e-06,1.5356960201219066e-11,5.230383132064891e-10,1.4069139473955095e-07
10.16,10.145473383857267,0.00020429416511271576,0.9989048864930947,1.0014318322657914,1.0017682015851749e-06,1.6338561943230235e-11,5.225381734262396e-10,1.5996995756573005e-07
10.17,10.155484114584588,0.00021727838811825653,0.9989097769729528,1.0014293641988534,1.0017681657813889e-06,1.73150288211668e-11,5.220399288034356e-10,1.8047212754613258e-07
10.18,10.165494783820439,0.00023028815420117818,0.9989146434803206,1.0014269070505695,1.0017681277633664e-06,1.8286384814955015e-11,5.215435687196719e-10,2.021955156150028e-07
10.19,10.17550539180473,0.00024332348842893997,0.9989194861307047,1.0014244607650586,1.0017680875354979e-06,1.9252653763913663e-11,5.210490826219769e-10,2.251377421700068e-07
10.2,10.185515938776184,0.0002563844158688716,0.9989243050389272,1.0014220252867776,1.0017680451021574e-06,2.021385936781285e-11,5.205564600230238e-10,2.4929643707223225e-07
10.21,10.195526424972345,0.00026947096158817536,0.9989291003191246,1.001419600560517,1.0017680004676963e-06,2.1170025184756423e-11,5.200656904981665e-10,2.746692396461935e-07
10.22,10.205536850629564,0.00028258315065391696,0.998933872084749,1.0014171865314019,1.0017679536364449e-06,2.212117463054669e-11,5.195767636869214e-10,3.012537986798128e-07
10.23,10.215547215983015,0.00029572100813303915,0.9989386204485673,1.0014147831448885,1.0017679046127037e-06,2.3067330980166737e-11,5.190896692904268e-10,3.290477724244477e-07
10.24,10.225557521266738,0.0003088845590923521,0.9989433455226981,1.0014123903467587,1.0017678534007714e-06,2.4008517376674263e-11,5.186043970737717e-10,3.580488282195844e-07
10.25,10.235567766713627,0.0003220738285985353,0.9989480474185997,1.0014100080831185,1.0017678000049282e-06,2.4944756828025215e-11,5.181209368649374e-10,3.8825464260974006e-07
10.26,10.245577952555392,0.00033528884171813854,0.9989527262470478,1.0014076363004012,1.0017677444294215e-06,2.587607219902697e-11,5.176392785522565e-10,4.196629015714369e-07
10.27,10.25558807902263,0.0003485296235175809,0.9989573821181792,1.0014052749453588,1.001767686678491e-06,2.68024862257379e-11,5.171594120871652e-10,4.522713000847738e-07
10.28,10.265598146344816,0.00036179619906315046,0.9989620151414912,1.0014029239650601,1.001767626756365e-06,2.7724021512290993e-11,5.166813274806042e-10,4.860775421330757e-07
10.29,10.275608154750316,0.00037508859342100427,0.9989666254258418,1.0014005833068897,1.0017675646672593e-06,2.8640700532587922e-11,5.162050148066176e-10,5.210793407028936e-07
10.3,10.285618104466373,0.0003884068316571712,0.9989712130794497,1.0013982529185468,1.001767500415373e-06,2.955254562966377e-11,5.157304641989659e-10,5.572744177840108e-07
10.31,10.295627995719116,0.0004017509388375418,0.9989757782098944,1.0013959327480422,1.0017674340048852e-06,3.045957901441648e-11,5.15257665850278e-10,5.946605043694176e-07
10.32,10.305637828733555,0.00041512094002788295,0.9989803209241157,1.0013936227436988,1.0017673654399538e-06,3.136182276560685e-11,5.147866100128987e-10,6.332353404553488e-07
10.33,10.31564760373359,0.00042851686029382846,0.9989848413284146,1.001391322854148,1.0017672947247083e-06,3.225929883007031e-11,5.143172869974064e-10,6.729966750412597e-07
10.34,10.325657320942046,0.00044193872470088004,0.9989893395284865,1.001389033028325,1.0017672218632772e-06,3.315202903097547e-11,5.138496871724013e-10,7.139422657763833e-07
10.35,10.335666980580674,0.00045538655831440784,0.9989938156294101,1.0013867532154679,1.0017671468597714e-06,3.404003506634182e-11,5.13383800967258e-10,7.560698790699209e-07
10.36,10.345676582870105,0.00046886038619965123,0.9989982697356274,1.00138448336512,1.001767069718271e-06,3.492333849993413e-11,5.129196188655614e-10,7.993772903047455e-07
10.37,10.355686128029921,0.00048236023342171743,0.9990027019509833,1.0013822234271212,1.0017669904428472e-06,3.580196077460322e-11,5.124571314104004e-10,8.438622834338501e-07
10.38,10.365695616278654,0.0004958861250455839,0.9990071123787255,1.0013799733516082,1.0017669090375621e-06,3.667592321143892e-11,5.119963292018268e-10,8.895226509800261e-07
10.39,10.37570504783377,0.0005094380861360889,0.9990115011215048,1.0013777330890121,1.0017668255064655e-06,3.754524700998184e-11,5.115372028966438e-10,9.363561940358303e-07
10.4,10.385714422911697,0.0005230161417579456,0.9990158682813746,1.0013755025900566,1.0017667398535892e-06,3.8409953245046975e-11,5.110797432090409e-10,9.843607222636338e-07
10.41,10.395723741727801,0.0005366203169757332,0.9990202139597915,1.0013732818057577,1.0017666520829495e-06,3.9270062870958895e-11,5.106239409061472e-10,1.0335340538955892e-06
10.42,10.405733004496398,0.000550250636853898,0.9990245382576148,1.0013710706874217,1.0017665621985394e-06,4.012559671731656e-11,5.101697868135371e-10,1.08387401573364e-06
10.43,10.415742211430752,0.000563907126456755,0.9990288412751068,1.0013688691866434,1.0017664702043287e-06,4.097657549026389e-11,5.097172718073952e-10,1.1353784431495183e-06
10.44,10.425751362743117,0.0005775898108484855,0.9990331231119642,1.0013666772553007,1.0017663761042817e-06,4.182301978096007e-11,5.09266386822775e-10,1.1880451797516627e-06
10.45,10.435760458644733,0.0005912987150931385,0.9990373838673074,1.001364494845555,1.0017662799023493e-06,4.2664950063038464e-11,5.088171228476692e-10,1.241872077489145e-06
10.46,10.445769499345783,0.0006050338642546332,0.9990416236396621,1.0013623219098515,1.001766181602452e-06,4.3502386685195086e-11,5.083694709217401e-10,1.2968569968530165e-06
10.47,10.455778485055458,0.0006187952833967479,0.999045842526996,1.001360158400914,1.0017660812085029e-06,4.43353498832588e-11,5.079234221409771e-10,1.3529978064959152e-06
10.48,10.465787415981957,0.0006325829975831353,0.9990500406267188,1.0013580042717416,1.0017659787244037e-06,4.516385977913255e-11,5.074789676534625e-10,1.4102923832318116e-06
10.49,10.475796292332484,0.0006463970318773119,0.9990542180356818,1.0013558594756098,1.0017658741540473e-06,4.598793638058157e-11,5.07036098661065e-10,1.4687386120359704e-06
10.5,10.485805114313251,0.0006602374113426615,0.9990583748501788,1.0013537239660666,1.001765767501308e-06,4.6807599579751124e-11,5.06594806417746e-10,1.5283343860449608e-06
10.51,10.495813882129475,0.0006741041610424341,0.9990625111659452,1.0013515976969332,1.0017656587700457e-06,4.7622869154648764e-11,5.061550822295593e-10,1.5890776065566548e-06
10.52,10.505822595985379,0.0006879973060397466,0.9990666270781586,1.0013494806223016,1.0017655479640975e-06,4.843376476850909e-11,5.057169174538042e-10,1.6509661830302287e-06
10.53,10.51583125608419,0.0007019168713975825,0.9990707226814383,1.0013473726965343,1.00176543508728e-06,4.9240305967887903e-11,5.052803034998725e-10,1.7139980330861627e-06
10.54,10.525839862628196,0.000715862882178791,0.9990747980698748,1.0013452738742568,1.0017653201434034e-06,5.0042512192826624e-11,5.048452318250136e-10,1.778171082192155e-06
10.55,10.535848415818705,0.0007298353634460902,0.9990788533370198,1.0013431841103606,1.0017652031362662e-06,5.084040277219359e-11,5.044116939421689e-10,1.8434832637612151e-06
10.56,10.545856915856046,0.0007438343402620571,0.9990828885758696,1.001341103360002,1.0017650840696357e-06,5.163399691987242e-11,5.039796814106552e-10,1.909932519341417e-06
10.57,10.555865362939604,0.0007578598376891414,0.9990869038788982,1.001339031578597,1.0017649629472753e-06,5.2423313742597057e-11,5.035491858410346e-10,1.9775167982572607e-06
10.58,10.565873757267832,0.0007719118807896562,0.9990908993380576,1.00133696872182,1.0017648397729361e-06,5.320837224101058e-11,5.031201988934208e-10,2.046234057609333e-06
10.59,10.575882099038237,0.0007859904946257799,0.9990948750447786,1.0013349147456028,1.00176471455036e-06,5.398919130839464e-11,5.026927122787493e-10,2.116082262274316e-06
10.6,10.585890388447392,0.0008000957042595563,0.9990988310899692,1.001332869606132,1.001764587283272e-06,5.476578973215175e-11,5.022667177562366e-10,2.1870593849049923e-06
10.61,10.595898625690932,0.0008142275347528948,0.9991027675640163,1.0013308332598498,1.0017644579753824e-06,5.5538186190628964e-11,5.018422071333801e-10,2.2591634059302396e-06
10.62,10.605906810963553,0.0008283860111675705,0.9991066845567845,1.0013288056634513,1.0017643266303817e-06,5.630639925544716e-11,5.014191722663813e-10,2.3323923135550343e-06
10.63,10.615914944459016,0.0008425711585652261,0.9991105821576167,1.001326786773884,1.0017641932519397e-06,5.7070447389171724e-11,5.00997605057182e-10,2.4067441037604634e-06
10.64,10.625923026370176,0.0008567830020073615,0.9991144604553611,1.0013247765483422,1.0017640578437207e-06,5.7830348955265203e-11,5.005774974581219e-10,2.4822167800073256e-06
10.65,10.635931056888985,0.0008710215665553488,0.9991183195383614,1.0013227749442681,1.001763920409377e-06,5.858612221300508e-11,5.001588414683397e-10,2.558808353328823e-06
10.66,10.645939036206459,0.0008852868772704233,0.999122159494442,1.0013207819193517,1.001763780952533e-06,5.933778531218983e-11,4.99741629132502e-10,2.6365168425095483e-06
10.67,10.655946964512726,0.0008995789592136842,0.9991259804109387,1.0013187974315259,1.0017636394768065e-06,6.008535630542091e-11,4.993258525424973e-10,2.7153402737469983e-06
10.68,10.66595484199703,0.0009138978374460954,0.9991297823746991,1.0013168214389647,1.0017634959858067e-06,6.082885314450283e-11,4.989115038370129e-10,2.7952766806512983e-06
10.69,10.675962668847724,0.0009282435370284845,0.9991335654720822,1.0013148539000831,1.0017633504831308e-06,6.156829368065497e-11,4.984985752032286e-10,2.8763241042452013e-06
10.7,10.685970445252279,0.000942616083021544,0.9991373297889588,1.001312894773535,1.0017632029723631e-06,6.23036956655703e-11,4.980870588710995e-10,2.9584805929640883e-06
10.71,10.69597817139728,0.0009570155004858329,0.9991410754107113,1.0013109440182122,1.0017630534570723e-06,6.30350767497214e-11,4.976769471165321e-10,3.0417442026559826e-06
10.72,10.70598584746842,0.0009714418144817666,0.9991448024222338,1.0013090015932435,1.0017629019408072e-06,6.376245448384268e-11,4.972682322622315e-10,3.126112996581493e-06
10.73,10.715993473650512,0.0009858950500696328,0.9991485109079319,1.0013070674579945,1.0017627484271e-06,6.448584631681286e-11,4.968609066734663e-10,3.2115850454138977e-06
10.74,10.726001050127516,0.00100037523230958,0.9991522009517481,1.0013051415720602,1.0017625929194747e-06,6.520526960264296e-11,4.964549627601859e-10,3.2981584269593163e-06
10.75,10.736008577082538,0.0010148823862616196,0.9991558726371528,1.0013032238952686,1.0017624354214451e-06,6.592074160005279e-11,4.960503929791386e-10,3.3858312262442333e-06
10.76,10.746016054697794,0.001029416536985628,0.9991595260471304,1.0013013143876788,1.0017622759364984e-06,6.663227946527119e-11,4.956471898275181e-10,3.4746015356844648e-06
10.77,10.756023483154665,0.0010439777095413445,0.9991631612642078,1.0012994130095776,1.0017621144681162e-06,6.733990026177688e-11,4.952453458482582e-10,3.5644674547655613e-06
10.78,10.766030862633697,0.0010585659289883708,0.9991667783704545,1.0012975197214775,1.0017619510197706e-06,6.804362095987496e-11,4.94844853627703e-10,3.6554270900425414e-06
10.79,10.77603819331459,0.0010731812203861727,0.9991703774474829,1.001295634484116,1.0017617855949232e-06,6.874345843584987e-11,4.944457057953952e-10,3.747478555139893e-06
10.8,10.786045475376218,0.001087823608794081,0.9991739585764481,1.001293757258454,1.0017616181970224e-06,6.943942947175364e-11,4.940478950232295e-10,3.84061997075159e-06
10.81,10.796052708996603,0.0011024931192712816,0.9991775218380478,1.0012918880056758,1.0017614488295021e-06,7.013155075646466e-11,4.936514140271459e-10,3.934849464641026e-06
10.82,10.806059894352943,0.0011171897768768317,0.9991810673125223,1.0012900266871871,1.0017612774957785e-06,7.081983888399364e-11,4.932562555631069e-10,4.030165171641112e-06
10.83,10.816067031621587,0.0011319136066696486,0.999184595079655,1.0012881732646144,1.0017611041992493e-06,7.15043103530601e-11,4.928624124294266e-10,4.126565233654216e-06
10.84,10.826074120978092,0.0011466646337085116,0.9991881052187949,1.0012863276998005,1.0017609289433078e-06,7.218498157429211e-11,4.924698774665591e-10,4.224047799387892e-06
10.85,10.836081162597194,0.0011614428830520633,0.9991915978088495,1.0012844899548048,1.0017607517313345e-06,7.28618688693793e-11,4.920786435568865e-10,4.322611024437615e-06
10.86,10.846088156652797,0.001176248379758808,0.9991950729282705,1.001282659991904,1.001760572566687e-06,7.353498846260248e-11,4.916887036223897e-10,4.422253071446349e-06
10.87,10.856095103318014,0.0011910811488871126,0.9991985306550812,1.0012808377735873,1.0017603914527161e-06,7.420435649142161e-11,4.913000506265543e-10,4.522972109802607e-06
10.88,10.866102002765164,0.0012059412154952081,0.9992019710668767,1.0012790232625555,1.0017602083927638e-06,7.486998900795808e-11,4.909126775743705e-10,4.624766315640223e-06
10.89,10.87610885516577,0.0012208286046411798,0.9992053942408233,1.0012772164217199,1.0017600233901622e-06,7.553190197412426e-11,4.905265775112741e-10,4.727633871838277e-06
10.9,10.88611566069057,0.0012357433413829825,0.999208800253659,1.0012754172142013,1.0017598364482313e-06,7.619011126479989e-11,4.901417435210295e-10,4.831572968021204e-06
10.91,10.896122419509503,0.00125068545077843,0.9992121891816934,1.0012736256033292,1.0017596475702752e-06,7.684463266698504e-11,4.897581687305996e-10,4.936581800558724e-06
10.92,10.90612913179172,0.0012656549578851986,0.9992155611008077,1.001271841552641,1.0017594567595846e-06,7.749548187810605e-11,4.893758463025227e-10,5.042658572565856e-06
10.93,10.91613579770558,0.0012806518877608254,0.9992189160864544,1.0012700650258797,1.0017592640194296e-06,7.814267450792134e-11,4.889947694399945e-10,5.149801493902924e-06
10.94,10.92614241741868,0.001295676265462709,0.9992222542136795,1.0012682959869925,1.001759069353078e-06,7.87862260827566e-11,4.886149313858099e-10,5.258008780925771e-06
10.95,10.93614899109785,0.0013107281160481094,0.9992255755571147,1.001266534400128,1.0017588727637838e-06,7.942615204508125e-11,4.882363254213034e-10,5.3672786565640095e-06
10.96,10.94615551890913,0.0013258074645741504,0.9992288801909649,1.001264780229639,1.001758674254781e-06,8.006246774673217e-11,4.878589448657144e-10,5.477609350471823e-06
10.97,10.956162001017807,0.001340914336097809,0.9992321681890334,1.0012630334400776,1.0017584738292958e-06,8.069518845886638e-11,4.874827830766106e-10,5.588999098742469e-06
10.98,10.966168437588422,0.0013560487556759301,0.9992354396247217,1.0012612939961936,1.0017582714905469e-06,8.132432937026692e-11,4.871078334496761e-10,5.701446143908171e-06
10.99,10.976174828784767,0.0013712107483652171,0.9992386945710299,1.0012595618629339,1.001758067241742e-06,8.19499055873429e-11,4.867340894193468e-10,5.814948734940034e-06
11.0,10.986181174769882,0.0013864003392222337,0.9992419331005562,1.0012578370054421,1.0017578610860787e-06,8.257193213434122e-11,4.863615444575396e-10,5.929505127248062e-06
11.01,10.996187475706058,0.0014016175533034048,0.9992451552854972,1.001256119389057,1.0017576530267388e-06,8.319042395271131e-11,4.85990192072806e-10,6.045113582681168e-06
11.02,11.006193731754836,0.0014168624156650148,0.9992483611976477,1.0012544089793123,1.0017574430668914e-06,8.380539590068161e-11,4.856200258101194e-10,6.16177236952716e-06
11.03,11.016199943077005,0.0014321349513632096,0.9992515509084012,1.0012527057419347,1.0017572312096869e-06,8.441686275304782e-11,4.852510392519349e-10,6.279479762512756e-06
11.04,11.026206109832641,0.0014474351854539946,0.9992547244887692,1.0012510096428415,1.0017570174582716e-06,8.502483920731389e-11,4.848832260173415e-10,6.398234042567366e-06
11.05,11.03621223218109,0.0014627631429932372,0.9992578820093753,1.0012493206481392,1.0017568018157814e-06,8.562933988157441e-11,4.845165797601565e-10,6.5180334968971685e-06
11.06,11.046218310280945,0.0014781188490366583,0.9992610235404424,1.0012476387241258,1.0017565842853304e-06,8.62303793102795e-11,4.841510941723138e-10,6.6388764191275795e-06
11.07,11.056224344290099,0.0014935023286398452,0.9992641491518173,1.0012459638372855,1.0017563648700267e-06,8.682797195143451e-11,4.83786762980264e-10,6.760761109033437e-06
11.08,11.066230334365729,0.0015089136068582427,0.9992672589129694,1.001244295954288,1.0017561435729703e-06,8.742213218490605e-11,4.834235799466681e-10,6.883685872538699e-06
11.09,11.0762362806643,0.0015243527087471544,0.9992703528929917,1.0012426350419887,1.0017559203972528e-06,8.801287431475125e-11,4.830615388699745e-10,7.0076490217164665e-06
11.1,11.086242183341577,0.0015398196593617434,0.9992734311606003,1.0012409810674257,1.0017556953459522e-06,8.860021256688846e-11,4.827006335835715e-10,7.132648874788977e-06
11.11,11.096248042552602,0.0015553144837570324,0.9992764937841345,1.0012393339978216,1.0017554684221364e-06,8.918416108994427e-11,4.823408579559994e-10,7.258683756127609e-06
11.120000000000001,11.106253858451721,0.0015708372069879063,0.9992795408315569,1.0012376938005807,1.0017552396288574e-06,8.976473395440649e-11,4.81982205889468e-10,7.385751996252907e-06
11.13,11.116259631192557,0.0015863878541091004,0.9992825723704533,1.0012360604432886,1.0017550089691507e-06,9.034194515241237e-11,4.816246713207036e-10,7.513851931834482e-06
11.14,11.126265360928063,0.0016019664501752177,0.9992855884680512,1.0012344338937098,1.0017547764460483e-06,9.091580860431313e-11,4.812682482217964e-10,7.64298190546767e-06
11.15,11.136271047810496,0.001617573020240716,0.999288589191214,1.001232814119786,1.0017545420625715e-06,9.14863381552858e-11,4.809129305972353e-10,7.773140265743544e-06
11.16,11.14627669199141,0.0016332075893599135,0.9992915746064297,1.0012312010896383,1.0017543058217215e-06,9.205354757109808e-11,4.805587124866613e-10,7.904325367383792e-06
11.17,11.156282293621686,0.0016488701825869859,0.9992945447798325,1.0012295947715626,1.0017540677264938e-06,9.261745054657867e-11,4.802055879621144e-10,8.036535570985273e-06
11.18,11.16628785285153,0.001664560824975967,0.9992974997772032,1.001227995134029,1.001753827779875e-06,9.317806070519373e-11,4.798535511305744e-10,8.169769243019813e-06
11.19,11.176293369830478,0.001680279541580749,0.9993004396639688,1.0012264021456811,1.0017535859848447e-06,9.373539159629404e-11,4.795025961307852e-10,8.3040247558342e-06
11.2,11.186298844707395,0.0016960263574550822,0.9993033645052024,1.0012248157753345,1.0017533423443691e-06,9.428945669659732e-11,4.791527171355836e-10,8.439300487650185e-06
11.21,11.19630427763047,0.0017118012976525781,0.9993062743656241,1.0012232359919777,1.0017530968614056e-06,9.484026941082346e-11,4.78803908350629e-10,8.575594822564513e-06
11.22,11.206309668747217,0.001727604387226697,0.9993091693096,1.0012216627647694,1.0017528495388955e-06,9.538784307000052e-11,4.78456164012921e-10,8.712906150548813e-06
11.23,11.216315018204488,0.001743435651230767,0.9993120494011424,1.0012200960630386,1.0017526003797648e-06,9.593219093252344e-11,4.781094783916464e-10,8.851232867449758e-06
11.24,11.226320326148484,0.0017592951147179694,0.9993149147039275,1.0012185358562817,1.0017523493869354e-06,9.647332618817754e-11,4.777638457890264e-10,8.99057337477739e-06
11.25,11.236325592724752,0.0017751828027413438,0.9993177652812896,1.001216982114162,1.00175209656332e-06,9.701126195602085e-11,4.774192605392574e-10,9.130926079771564e-06
11.26,11.246330818078173,0.0017910987403537877,0.9993206011962102,1.0012154348065108,1.0017518419118113e-06,9.754601128247835e-11,4.77075717007453e-10,9.272289395529581e-06
11.27,11.256336002352985,0.0018070429526080552,0.9993234225113395,1.0012138939033233,1.001751585435298e-06,9.807758714536533e-11,4.767332095890078e-10,9.41466174076434e-06
11.28,11.266341145692794,0.0018230154645567573,0.9993262292889947,1.0012123593747584,1.0017513271366588e-06,9.860600245579326e-11,4.763917327140448e-10,9.558041539804137e-06
11.29,11.276346248240566,0.0018390163012523626,0.9993290215911615,1.0012108311911372,1.001751067018766e-06,9.913127005520512e-11,4.760512808404276e-10,9.702427222592672e-06
11.3,11.286351310138636,0.0018550454877471986,0.9993317994794932,1.0012093093229433,1.0017508050844797e-06,9.965340271812832e-11,4.757118484603244e-10,9.847817224689066e-06
11.31,11.29635633152869,0.0018711030490934414,0.9993345630153112,1.0012077937408215,1.0017505413366508e-06,1.0017241315048059e-10,4.753734300938556e-10,9.99420998726777e-06
11.32,11.306361312551788,0.001887189010343133,0.9993373122596045,1.001206284415577,1.0017502757781146e-06,1.0068831398914645e-10,4.750360202931169e-10,1.0141603957118707e-05
11.33,11.316366253348345,0.001903303396548169,0.9993400472730304,1.0012047813181746,1.0017500084116938e-06,1.0120111780197726e-10,4.746996136387917e-10,1.0289997586647174e-05
11.34,11.326371154058174,0.0019194462327603008,0.9993427681159298,1.001203284419736,1.0017497392402048e-06,1.0171083709350867e-10,4.743642047431149e-10,1.0439389333673482e-05
11.35,11.33637601482046,0.0019356175440311367,0.9993454748483226,1.0012017936915403,1.001749468266457e-06,1.022174843009372e-10,4.740297882471211e-10,1.0589777661495913e-05
11.36,11.34638083577376,0.0019518173554121413,0.9993481675298979,1.0012003091050232,1.0017491954932397e-06,1.027210717939085e-10,4.736963588231847e-10,1.0741161039011562e-05
11.370000000000001,11.356385617056022,0.001968045691954638,0.9993508462200322,1.0011988306317754,1.0017489209233384e-06,1.032216118776937e-10,4.733639111709969e-10,1.0893537940487291e-05
11.38,11.36639035880459,0.0019843025787097965,0.9993535109777908,1.0011973582435403,1.0017486445595291e-06,1.0371911679382472e-10,4.730324400215895e-10,1.1046906845559412e-05
11.39,11.376395061156206,0.002000588040728652,0.9993561618619262,1.0011958919122146,1.0017483664045827e-06,1.0421359872009424e-10,4.727019401345812e-10,1.120126623923387e-05
11.4,11.38639972424701,0.002016902103062092,0.9993587989308791,1.0011944316098467,1.0017480864612571e-06,1.0470506976949692e-10,4.723724062990255e-10,1.1356614611886122e-05
11.41,11.396404348212531,0.002033244790760859,0.9993614222427782,1.001192977308637,1.0017478047323013e-06,1.0519354199171172e-10,4.720438333327746e-10,1.1512950459261164e-05
11.42,11.406408933187704,0.002049616128875553,0.9993640318554402,1.0011915289809357,1.0017475212204507e-06,1.0567902737119604e-10,4.717162160805745e-10,1.167027228247354e-05
11.43,11.41641347930685,0.0020660161424566267,0.9993666278263694,1.0011900865992438,1.0017472359284273e-06,1.0616153782739752e-10,4.713895494174521e-10,1.1828578588007335e-05
11.44,11.426417986703717,0.00208244485655439,0.9993692102127735,1.0011886501362095,1.001746948858949e-06,1.06641085220895e-10,4.710638282457515e-10,1.198786788752628e-05
11.45,11.436422455511464,0.0020989022962190074,0.9993717790715579,1.001187219564628,1.0017466600147248e-06,1.0711768134852809e-10,4.707390474961922e-10,1.214813869793346e-05
11.46,11.446426885862648,0.002115388486500501,0.9993743344593174,1.001185794857443,1.001746369398446e-06,1.0759133794360895e-10,4.704152021274459e-10,1.2309389541485833e-05
11.47,11.456431277889251,0.0021319034524487396,0.9993768764323532,1.0011843759877421,1.0017460770127996e-06,1.0806206667825158e-10,4.700922871246541e-10,1.2471618945576996e-05
11.48,11.466435631722687,0.0021484472191134543,0.9993794050466731,1.0011829629287576,1.0017457828604639e-06,1.0852987916591297e-10,4.697702975030277e-10,1.2634825442737187e-05
11.49,11.476439947493791,0.0021650198115442283,0.9993819203579917,1.0011815556538655,1.0017454869441113e-06,1.0899478695927548e-10,4.694492283036126e-10,1.279900757063316e-05
11.5,11.486444225332828,0.002181621254790499,0.99938442242173,1.0011801541365843,1.0017451892664033e-06,1.0945680155088214e-10,4.691290745958298e-10,1.2964163872068225e-05
11.51,11.496448465369491,0.0021982515739015587,0.9993869112930158,1.001178758350575,1.0017448898299917e-06,1.099159343722896e-10,4.688098314745115e-10,1.3130292894982239e-05
11.52,11.5064526677329,0.002214910793926553,0.9993893870266833,1.0011773682696397,1.001744588637516e-06,1.1037219679533871e-10,4.684914940624421e-10,1.3297393192451605e-05
11.53,11.516456832551597,0.002231598939914483,0.9993918496772737,1.0011759838677223,1.0017442856916027e-06,1.108256001304604e-10,4.681740575082404e-10,1.3465463322689284e-05
11.54,11.526460959953583,0.0022483160369142032,0.9993942992990484,1.0011746051189045,1.0017439809948747e-06,1.1127615563112266e-10,4.678575169880536e-10,1.3634501848864743e-05
11.55,11.536465050066298,0.002265062109974424,0.9993967359459851,1.0011732319974067,1.0017436745499447e-06,1.1172387449213643e-10,4.67541867703652e-10,1.3804507339160637e-05
11.56,11.546469103016603,0.002281837184143702,0.9993991596717693,1.0011718644775884,1.0017433663594118e-06,1.1216876784944387e-10,4.672271048834871e-10,1.397547836688121e-05
11.57,11.556473118930828,0.0022986412844704564,0.9994015705298102,1.0011705025339446,1.0017430564258674e-06,1.1261084677990659e-10,4.669132237803629e-10,1.4147413510246605e-05
11.58,11.566477097934754,0.0023154744360029548,0.9994039685732411,1.0011691461411063,1.001742744751897e-06,1.1305012230554081e-10,4.66600219676094e-10,1.4320311352392573e-05
11.59,11.576481040153615,0.00233233666378932,0.9994063538549197,1.0011677952738396,1.00174243134008e-06,1.1348660539118804e-10,4.662880878764239e-10,1.4494170481370513e-05
11.6,11.586484945712105,0.0023492279928775265,0.9994087264274273,1.0011664499070443,1.0017421161929848e-06,1.1392030694578561e-10,4.659768237122952e-10,1.4668989490147456e-05
11.61,11.596488814734373,0.0023661484483154032,0.9994110863430693,1.001165110015754,1.0017417993131695e-06,1.1435123781982556e-10,4.656664225415437e-10,1.4844766976606079e-05
11.620000000000001,11.606492647344027,0.0023830980551506342,0.9994134336538754,1.001163775575136,1.0017414807031828e-06,1.1477940880895458e-10,4.653568797463578e-10,1.5021501543544726e-05
11.63,11.616496443664126,0.0024000768384307486,0.999415768411599,1.0011624465604894,1.0017411603655603e-06,1.1520483064867998e-10,4.6504819073285407e-10,1.5199191798677294e-05
11.64,11.62650020381721,0.0024170848232031353,0.9994180906677309,1.0011611229472441,1.0017408383028327e-06,1.1562751402453417e-10,4.6474035093446625e-10,1.537783635446263e-05
11.65,11.636503927925292,0.0024341220345150353,0.9994204004734945,1.0011598047109598,1.0017405145175232e-06,1.1604746956402777e-10,4.644333558070743e-10,1.555743382815818e-05
11.66,11.646507616109838,0.00245118849741354,0.9994226978798383,1.0011584918273266,1.0017401890121393e-06,1.16464707838979e-10,4.6412720083196923e-10,1.5737982841922948e-05
11.67,11.656511268491805,0.0024682842369455945,0.9994249829374511,1.0011571842721634,1.001739861789184e-06,1.1687923936784297e-10,4.638218815154295e-10,1.5919482022622166e-05
11.68,11.666514885191628,0.0024854092781579954,0.9994272556967622,1.0011558820214157,1.0017395328511535e-06,1.172910746161353e-10,4.6351739338829746e-10,1.6101930001827163e-05
11.69,11.676518466329227,0.0025025636460973906,0.9994295162079405,1.001154585051156,1.001739202200536e-06,1.1770022399579673e-10,4.6321373200449723e-10,1.6285325415815348e-05
11.7,11.686522012024007,0.002519747365810281,0.999431764520896,1.0011532933375837,1.0017388698398126e-06,1.1810669786519315e-10,4.6291089294294033e-10,1.6469666905570225e-05
11.71,11.696525522394857,0.0025369604623430215,0.9994340006852784,1.001152006857023,1.001738535771453e-06,1.185105065293274e-10,4.626088718068905e-10,1.6654953116781402e-05
11.72,11.706528997560145,0.002554202960741811,0.999436224750478,1.0011507255859242,1.0017381999979177e-06,1.1891166024005103e-10,4.623076642220578e-10,1.6841182699844477e-05
11.73,11.716532437637728,0.002571474886052708,0.999438436765625,1.0011494495008617,1.0017378625216543e-06,1.193101691950054e-10,4.620072658378693e-10,1.7028354309861242e-05
11.74,11.726535842744966,0.0025887762633216202,0.9994406367796026,1.0011481785785326,1.0017375233451078e-06,1.1970604354037472e-10,4.6170767232725716e-10,1.7216466606477458e-05
11.75,11.736539212998718,0.0026061071175943066,0.999442824841042,1.0011469127957562,1.0017371824707134e-06,1.200992933727917e-10,4.614088793868705e-10,1.7405518253933966e-05
11.76,11.746542548515324,0.0026234674739163766,0.9994450009983159,1.001145652129475,1.0017368399008939e-06,1.2048992873256136e-10,4.611108827364401e-10,1.759550792116433e-05
11.77,11.75654584941064,0.0026408573573332922,0.9994471652995525,1.0011443965567517,1.0017364956380644e-06,1.2087795961191965e-10,4.608136781189901e-10,1.778643428160947e-05
11.78,11.766549115800027,0.0026582767928903647,0.999449317792635,1.001143146054769,1.001736149684637e-06,1.2126339595312753e-10,4.605172612985087e-10,1.797829601321751e-05
11.79,11.776552347798356,0.0026757258056327566,0.9994514585252026,1.0011419006008289,1.0017358020430144e-06,1.216462476461417e-10,4.602216280643952e-10,1.8171091798443788e-05
11.8,11.786555545520011,0.0026932044206054847,0.9994535875446495,1.001140660172352,1.0017354527155918e-06,1.2202652453284972e-10,4.5992677422785987e-10,1.836482032425088e-05
11.81,11.79655870907888,0.0027107126628534064,0.9994557048981255,1.0011394247468777,1.0017351017047552e-06,1.2240423640368192e-10,4.596326956219241e-10,1.8559480282108453e-05
11.82,11.806561838588363,0.00272825055742124,0.9994578106325358,1.0011381943020632,1.0017347490128813e-06,1.227793929980349e-10,4.5933938810247927e-10,1.8755070367993495e-05
11.83,11.816564934161375,0.00274581812935355,0.9994599047945412,1.0011369688156821,1.0017343946423332e-06,1.2315200400681258e-10,4.590468475463807e-10,1.8951589282390166e-05
11.84,11.82656799591035,0.0027634154036947525,0.9994619874305689,1.001135748265625,1.0017340385954732e-06,1.2352207907009696e-10,4.587550698546242e-10,1.914903573013594e-05
11.85,11.836571023947256,0.002781042405489112,0.9994640585868099,1.0011345326298955,1.0017336808746529e-06,1.2388962778223022e-10,4.5846405094811084e-10,1.9347408420470146e-05
11.86,11.846574018383563,0.002798699159780745,0.9994661183092108,1.0011333218866147,1.0017333214822124e-06,1.2425465968482675e-10,4.5817378677039987e-10,1.9546706067126626e-05
11.870000000000001,11.856576979330281,0.002816385691613619,0.9994681666434885,1.0011321160140165,1.001732960420487e-06,1.2461718427376117e-10,4.5788427328601455e-10,1.9746927388157787e-05
11.88,11.86657990689795,0.0028341020260315435,0.9994702036351287,1.0011309149904473,1.0017325976918043e-06,1.2497721099641545e-10,4.5759550648234807e-10,1.994807110593429e-05
11.89,11.876582801196644,0.0028518481880781847,0.9994722293293873,1.001129718794366,1.001732233298486e-06,1.253347492544318e-10,4.573074823671224e-10,2.015013594714528e-05
11.9,11.886585662335976,0.0028696242027970577,0.9994742437712896,1.0011285274043435,1.0017318672428462e-06,1.2568980840095978e-10,4.5702019697029405e-10,2.035312064279823e-05
11.91,11.896588490425087,0.0028874300952315243,0.9994762470056304,1.0011273407990624,1.0017314995271902e-06,1.260423977421386e-10,4.5673364634257197e-10,2.055702392821899e-05
11.92,11.906591285572656,0.0029052658904247983,0.9994782390769742,1.0011261589573157,1.0017311301538137e-06,1.2639252653540313e-10,4.5644782655435854e-10,2.0761844543051778e-05
11.93,11.916594047886894,0.002923131613419941,0.9994802200296551,1.0011249818580068,1.001730759125e-06,1.267402039920249e-10,4.561627336982908e-10,2.096758123125918e-05
11.94,11.926596777475565,0.0029410272892598636,0.9994821899077875,1.0011238094801485,1.001730386443032e-06,1.2708543927753567e-10,4.5587836388754624e-10,2.117423274097598e-05
11.95,11.93659947444598,0.002958952942987325,0.9994841487552623,1.0011226418028607,1.0017300121101815e-06,1.2742824151172743e-10,4.5559471325584303e-10,2.1381797824555286e-05
11.96,11.946602138904987,0.0029769085996449373,0.9994860966157412,1.0011214788053737,1.0017296361287098e-06,1.2776861976674656e-10,4.5531177795743983e-10,2.1590275238656575e-05
11.97,11.956604770958986,0.0029948942842751513,0.9994880335326684,1.0011203204670234,1.0017292585008732e-06,1.2810658306963494e-10,4.5502955416523e-10,2.179966374407834e-05
11.98,11.966607370713936,0.003012910021920275,0.9994899595492712,1.0011191667672528,1.0017288792289214e-06,1.2844214040423576e-10,4.5474803807561214e-10,2.200996210575818e-05
11.99,11.976609938275358,0.003030955837622463,0.9994918747085595,1.0011180176856098,1.0017284983150974e-06,1.2877530070822893e-10,4.544672259025607e-10,2.2221169092772634e-05
12.0,11.986612473748322,0.003049031756423716,0.9994937790533261,1.0011168732017488,1.001728115761638e-06,1.2910607287630743e-10,4.54187113882073e-10,2.2433283478337243e-05
12.01,11.996614977237462,0.003067137803365884,0.9994956726261467,1.0011157332954284,1.0017277315707706e-06,1.2943446575721269e-10,4.5390769826856935e-10,2.2646304039806535e-05
12.02,12.006617448846963,0.0030852740034906655,0.9994975554693797,1.0011145979465117,1.0017273457447133e-06,1.2976048815542868e-10,4.5362897533637537e-10,2.2860229558674022e-05
12.030000000000001,12.016619888680575,0.00310344038183961,0.9994994276251662,1.0011134671349662,1.0017269582856748e-06,1.300841488292761e-10,4.5335094137951014e-10,2.307505882057225e-05
12.04,12.02662229684161,0.0031216369634541013,0.9995012891354406,1.001112340840861,1.0017265691958586e-06,1.3040545649578273e-10,4.5307359271168627e-10,2.3290790615133683e-05
12.05,12.036624673432962,0.003139863773375394,0.9995031400419262,1.0011112190443687,1.0017261784774633e-06,1.3072441982856597e-10,4.5279692566652164e-10,2.3507423736035e-05
12.06,12.046627018557075,0.0031581208366445665,0.9995049803861303,1.001110101725763,1.0017257861326733e-06,1.3104104745677398e-10,4.525209365956336e-10,2.3724956981080164e-05
12.07,12.056629332315973,0.0031764081783025597,0.9995068102093556,1.0011089888654194,1.0017253921636701e-06,1.3135534796614446e-10,4.52245621870333e-10,2.3943389152041938e-05
12.08,12.066631614811262,0.0031947258233901562,0.9995086295526993,1.0011078804438125,1.001724996572627e-06,1.3166732990175754e-10,4.519709778822595e-10,2.4162719054661564e-05
12.09,12.076633866144123,0.0032130737969479867,0.9995104384570543,1.0011067764415171,1.0017245993617136e-06,1.319770017663417e-10,4.516970010397816e-10,2.4382945498648797e-05
12.1,12.086636086415316,0.003231452124016528,0.9995122369631088,1.001105676839208,1.0017242005330918e-06,1.322843720196385e-10,4.51423687773079e-10,2.4604067297681893e-05
12.11,12.096638275725184,0.003249860829636105,0.9995140251113456,1.0011045816176574,1.0017238000889141e-06,1.3258944908052018e-10,4.511510345275779e-10,2.4826083269407634e-05
12.120000000000001,12.106640434173643,0.0032682999388468914,0.9995158029420432,1.0011034907577372,1.0017233980313254e-06,1.3289224132466026e-10,4.5087903777115094e-10,2.504899223544135e-05
12.129999999999999,12.116642561860187,0.003286769476688896,0.9995175704952752,1.001102404240417,1.0017229943624603e-06,1.331927570855924e-10,4.5060769398607026e-10,2.5272793021366725e-05
12.14,12.126644658883915,0.003305269468201996,0.9995193278109198,1.0011013220467626,1.0017225890844504e-06,1.3349100465661618e-10,4.5033699967536035e-10,2.5497484456604163e-05
12.15,12.136646725343502,0.003323799938425892,0.9995210749286564,1.0011002441579366,1.0017221821994209e-06,1.337869922899501e-10,4.500669513611039e-10,2.572306537445196e-05
12.16,12.146648761337211,0.003342360912400145,0.9995228118879604,1.0010991705551977,1.001721773709483e-06,1.3408072819630803e-10,4.4979754558126557e-10,2.5949534612166228e-05
12.17,12.156650766962906,0.0033609524151641578,0.9995245387281143,1.0010981012198994,1.0017213636167456e-06,1.34372220545958e-10,4.4952877889223284e-10,2.617689101080959e-05
12.18,12.166652742318044,0.003379574471757179,0.999526255488207,1.0010970361334905,1.0017209519233129e-06,1.3466147746978107e-10,4.492606478705103e-10,2.6405133415251098e-05
12.19,12.176654687499685,0.0033982271072183043,0.9995279622071342,1.0010959752775133,1.0017205386312806e-06,1.3494850705990647e-10,4.4899314910869623e-10,2.6634260674166232e-05
12.2,12.186656602604486,0.003416910346586473,0.9995296589235986,1.0010949186336031,1.0017201237427388e-06,1.3523331736653534e-10,4.487262792176e-10,2.686427164003689e-05
12.21,12.196658487728708,0.0034356242149004754,0.9995313456761095,1.0010938661834892,1.0017197072597694e-06,1.3551591640259936e-10,4.484600348258187e-10,2.7095165169151448e-05
12.22,12.206660342968203,0.0034543687371989358,0.9995330225029828,1.0010928179089937,1.0017192891844472e-06,1.3579631213889032e-10,4.4819441257931363e-10,2.732694012160458e-05
12.23,12.216662168418425,0.0034731439385203354,0.9995346894423415,1.0010917737920308,1.0017188695188357e-06,1.3607451250744826e-10,4.47929409140775e-10,2.7559595361297512e-05
12.24,12.226663964174447,0.0034919498439029964,0.9995363465321239,1.0010907338146062,1.001718448264997e-06,1.363505254024085e-10,4.4766502119152773e-10,2.7793129755812235e-05
12.25,12.236665730330948,0.0035107864783850864,0.9995379938100809,1.0010896979588157,1.0017180254249856e-06,1.3662435867830753e-10,4.4740124542899033e-10,2.802754217645126e-05
12.26,12.246667466982206,0.0035296538670046185,0.9995396313137711,1.0010886662068468,1.0017176010008444e-06,1.3689602015135365e-10,4.471380785681573e-10,2.8262831498313215e-05
12.27,12.25666917422212,0.00354855203479945,0.9995412590805707,1.0010876385409762,1.0017171749946133e-06,1.3716551759857986e-10,4.468755173405402e-10,2.8498996600149086e-05
12.280000000000001,12.266670852144209,0.0035674810068072865,0.9995428771476731,1.0010866149435698,1.0017167474083255e-06,1.374328587618673e-10,4.466135584964972e-10,2.873603636436216e-05
12.29,12.276672500841602,0.003586440808065664,0.9995444855520895,1.001085595397082,1.0017163182440096e-06,1.3769805134286305e-10,4.4635219880015063e-10,2.8973949677007808e-05
12.3,12.28667412040706,0.003605431463611987,0.9995460843306491,1.0010845798840557,1.0017158875036867e-06,1.3796110300827406e-10,4.460914350359517e-10,2.9212735427793947e-05
12.31,12.296675710932947,0.0036244529984834815,0.999547673519998,1.0010835683871218,1.001715455189371e-06,1.3822202138584379e-10,4.458312640016923e-10,2.9452392510080443e-05
12.32,12.306677272511257,0.0036435054377172297,0.9995492531566004,1.0010825608889982,1.0017150213030689e-06,1.3848081406477567e-10,4.4557168251379917e-10,2.9692919820879586e-05
12.33,12.316678805233597,0.0036625888063501573,0.9995508232767378,1.001081557372491,1.0017145858467773e-06,1.3873748859848603e-10,4.4531268740436904e-10,2.993431626085588e-05
12.34,12.32668030919121,0.003681703129419031,0.9995523839165178,1.001080557820491,1.00171414882249e-06,1.3899205250312172e-10,4.450542755207453e-10,3.0176580734206543e-05
12.35,12.336681784474962,0.0037008484319604636,0.9995539351118709,1.0010795622159758,1.001713710232195e-06,1.392445132588307e-10,4.4479644372869427e-10,3.0419712148699323e-05
12.36,12.346683231175344,0.0037200247390109104,0.9995554768985457,1.0010785705420084,1.0017132700778694e-06,1.3949487830870322e-10,4.445391889085936e-10,3.0663709415744405e-05
12.370000000000001,12.356684649382485,0.003739232075606675,0.999557009312119,1.001077582781736,1.0017128283614853e-06,1.397431550591954e-10,4.442825079573381e-10,3.090857145025767e-05
12.379999999999999,12.366686039186142,0.0037584704667838888,0.999558532387995,1.00107659891839,1.0017123850850112e-06,1.3998935088267021e-10,4.440263977870692e-10,3.1154297170660374e-05
12.39,12.376687400675719,0.0037777399375785526,0.9995600461614056,1.0010756189352858,1.0017119402504081e-06,1.4023347311591532e-10,4.437708553279277e-10,3.1400885498879595e-05
12.4,12.386688733940247,0.003797040513026484,0.9995615506674107,1.0010746428158221,1.0017114938596338e-06,1.4047552905929594e-10,4.4351587752339517e-10,3.1648335360347666e-05
12.41,12.396690039068398,0.00381637221816336,0.9995630459408977,1.0010736705434802,1.0017110459146353e-06,1.4071552597844892e-10,4.432614613341057e-10,3.1896645684002624e-05
12.42,12.406691316148484,0.003835735078024695,0.9995645320165819,1.0010727021018242,1.001710596417354e-06,1.409534711036475e-10,4.4300760373615166e-10,3.214581540228799e-05
12.43,12.416692565268448,0.003855129117645849,0.9995660089290062,1.0010717374745006,1.0017101453697228e-06,1.4118937162831899e-10,4.4275430172002496e-10,3.239584345115284e-05
12.44,12.426693786515886,0.003874554362062022,0.999567476712549,1.0010707766452371,1.0017096927736715e-06,1.4142323471349168e-10,4.4250155229294647e-10,3.264672876993798e-05
12.45,12.43669497997804,0.003894010836308258,0.9995689354014217,1.0010698195978418,1.0017092386311227e-06,1.4165506748419496e-10,4.422493524767483e-10,3.2898470301411987e-05
12.46,12.446696145741788,0.003913498565419448,0.999570385029664,1.0010688663162044,1.0017087829439904e-06,1.4188487703157692e-10,4.4199769930766225e-10,3.3151066991839696e-05
12.47,12.456697283893664,0.003933017574430313,0.9995718256311527,1.0010679167842937,1.0017083257141817e-06,1.421126704129043e-10,4.4174658983928414e-10,3.340451779085178e-05
12.48,12.466698394519854,0.003952567888375428,0.9995732572396021,1.0010669709861588,1.0017078669436036e-06,1.4233845465071553e-10,4.414960211377036e-10,3.36588216514449e-05
12.49,12.4766994777062,0.003972149532289204,0.9995746798885635,1.001066028905927,1.001707406634154e-06,1.4256223673536175e-10,4.412459902863745e-10,3.391397752998156e-05
12.5,12.486700533538196,0.003991762531205899,0.9995760936114256,1.0010650905278047,1.0017069447877253e-06,1.4278402362415983e-10,4.409964943829384e-10,3.416998438619012e-05
12.51,12.496701562100988,0.004011406910159607,0.9995774984414144,1.0010641558360762,1.001706481406204e-06,1.4300382223927478e-10,4.4074753053795413e-10,3.4426841183164796e-05
12.52,12.506702563479381,0.004031082694184267,0.9995788944115931,1.0010632248151041,1.0017060164914683e-06,1.4322163947068435e-10,4.4049909587934477e-10,3.4684546887365684e-05
12.530000000000001,12.51670353775783,0.004050789908313665,0.9995802815548618,1.0010622974493293,1.0017055500453894e-06,1.4343748217321442e-10,4.4025118754816235e-10,3.49431004686188e-05
12.54,12.526704485020455,0.00407052857758141,0.9995816599039656,1.001061373723268,1.001705082069835e-06,1.4365135717077417e-10,4.4000380270007024e-10,3.520250090000746e-05
12.55,12.536705405351045,0.004090298727020981,0.9995830294914914,1.0010604536215137,1.0017046125666653e-06,1.4386327125508553e-10,4.397569385059784e-10,3.5462747157907125e-05
12.56,12.546706298833037,0.0041101003816656715,0.999584390349864,1.0010595371287363,1.0017041415377342e-06,1.4407323118271857e-10,4.39510592149714e-10,3.572383822204992e-05
12.57,12.556707165549543,0.004129933566548631,0.9995857425113543,1.0010586242296808,1.0017036689848887e-06,1.4428124368017368e-10,4.3926476083056264e-10,3.59857730754011e-05
12.58,12.566708005583342,0.004149798306702845,0.9995870860080796,1.0010577149091673,1.0017031949099718e-06,1.4448731544197575e-10,4.390194417619977e-10,3.624855070415874e-05
12.59,12.576708819016885,0.004169694627161141,0.9995884208720028,1.0010568091520906,1.0017027193148232e-06,1.4469145313025068e-10,4.387746321714685e-10,3.651217009775372e-05
12.6,12.586709605932292,0.004189622552956189,0.9995897471349338,1.0010559069434195,1.0017022422012745e-06,1.4489366337578412e-10,4.385303292997653e-10,3.67766302488498e-05
12.61,12.596710366411354,0.0042095821091204955,0.9995910648285277,1.0010550082681968,1.0017017635711503e-06,1.4509395277886858e-10,4.382865304025013e-10,3.704193015334358e-05
12.620000000000001,12.606711100535533,0.0042295733206864135,0.9995923739842866,1.0010541131115398,1.0017012834262716e-06,1.4529232790633872e-10,4.380432327501129e-10,3.730806881036455e-05
12.629999999999999,12.61671180838595,0.0042495962126861235,0.9995936746335582,1.0010532214586383,1.0017008017684485e-06,1.4548879529284199e-10,4.378004336234125e-10,3.757504522227484e-05
12.64,12.626712490043431,0.004269650810151669,0.9995949668075432,1.0010523332947547,1.0017003185994892e-06,1.456833614450737e-10,4.375581303210003e-10,3.7842858394566536e-05
12.65,12.636713145588459,0.004289737138114909,0.9995962505372935,1.0010514486052238,1.001699833921196e-06,1.458760328369067e-10,4.373163201524879e-10,3.811150733589368e-05
12.66,12.6467137751012,0.004309855221607559,0.9995975258537072,1.001050567375452,1.0016993477353622e-06,1.4606681591108534e-10,4.370750004412512e-10,3.8380991058134927e-05
12.67,12.656714378661498,0.004330005085661168,0.9995987927875369,1.001049689590918,1.0016988600437778e-06,1.462557170807078e-10,4.368341685257009e-10,3.8651308576275067e-05
12.68,12.666714956348887,0.004350186755307126,0.9996000513693901,1.0010488152371704,1.0016983708482267e-06,1.4644274272880263e-10,4.3659382175631795e-10,3.8922458908404994e-05
12.69,12.676715508242589,0.004370400255576661,0.9996013016297286,1.0010479442998286,1.00169788015049e-06,1.4662789920790518e-10,4.3635395749713583e-10,3.919444107572172e-05
12.7,12.686716034421506,0.004390645611500844,0.9996025435988686,1.001047076764582,1.0016973879523414e-06,1.4681119284175166e-10,4.3611457312552877e-10,3.946725410252836e-05
12.71,12.696716534964228,0.004410922848110585,0.9996037773069809,1.0010462126171906,1.001696894255549e-06,1.4699262992294984e-10,4.358756660326353e-10,3.9740897016234175e-05
12.72,12.706717009949028,0.004431231990436623,0.9996050027840909,1.0010453518434834,1.001696399061874e-06,1.4717221671488485e-10,4.356372336227229e-10,4.0015368847354395e-05
12.73,12.716717459453866,0.004451573063509552,0.9996062200600786,1.0010444944293593,1.0016959023730719e-06,1.473499594496016e-10,4.3539927331107063e-10,4.02906686295105e-05
12.74,12.726717883556402,0.004471946092359794,0.9996074291646845,1.0010436403607845,1.0016954041908915e-06,1.4752586433161645e-10,4.351617825279922e-10,4.056679539933161e-05
12.75,12.736718282333984,0.004492351102017617,0.9996086301275083,1.0010427896237948,1.0016949045170795e-06,1.4769993753622306e-10,4.349247587171422e-10,4.0843748196485766e-05
12.76,12.746718655863651,0.004512788117513122,0.9996098229780047,1.0010419422044934,1.0016944033533733e-06,1.4787218520843374e-10,4.346881993325514e-10,4.112152606373905e-05
12.77,12.756719004222138,0.004533257163876252,0.9996110077454904,1.0010410980890514,1.0016939007015057e-06,1.4804261346488514e-10,4.3445210184265e-10,4.140012804684292e-05
12.780000000000001,12.766719327485886,0.00455375826613679,0.9996121844591448,1.0010402572637063,1.0016933965632054e-06,1.4821122839405009e-10,4.3421646372836206e-10,4.167955319453424e-05
12.79,12.776719625731026,0.004574291449324346,0.9996133531480096,1.001039419714762,1.0016928909401957e-06,1.4837803605623757e-10,4.3398128248331707e-10,4.1959800558534926e-05
12.8,12.786719899033402,0.0045948567384683885,0.9996145138409889,1.0010385854285901,1.0016923838341969e-06,1.4854304248274568e-10,4.3374655561385004e-10,4.224086919355257e-05
12.81,12.796720147468545,0.004615454158598204,0.9996156665668489,1.001037754391627,1.0016918752469198e-06,1.4870625367776747e-10,4.335122806379427e-10,4.252275815727972e-05
12.82,12.806720371111695,0.004636083734742926,0.9996168113542184,1.0010369265903751,1.0016913651800716e-06,1.4886767561521455e-10,4.332784550862822e-10,4.2805466510394416e-05
12.83,12.816720570037786,0.00465674549193153,0.9996179482315887,1.0010361020114036,1.0016908536353518e-06,1.4902731424168174e-10,4.3304507650226127e-10,4.3088993316559964e-05
12.84,12.826720744321468,0.004677439455192822,0.999619077227319,1.0010352806413447,1.001690340614456e-06,1.4918517547644703e-10,4.328121424413428e-10,4.3373337642331127e-05
12.85,12.836720894037098,0.004698165649555448,0.9996201983696353,1.001034462466896,1.001689826119075e-06,1.4934126521125983e-10,4.3257965047063647e-10,4.3658498557183914e-05
12.86,12.846721019258728,0.004718924100047895,0.9996213116866263,1.0010336474748198,1.0016893101508924e-06,1.4949558930928222e-10,4.323475981699573e-10,4.394447513357197e-05
12.870000000000001,12.856721120060135,0.004739714831698485,0.9996224172062502,1.0010328356519413,1.001688792711586e-06,1.4964815360720646e-10,4.3211598313097895e-10,4.4231266446819195e-05
12.879999999999999,12.866721196514792,0.004760537869535368,0.9996235149563355,1.0010320269851503,1.0016882738028324e-06,1.4979896391504332e-10,4.318848029568099e-10,4.451887157511939e-05
12.89,12.876721248695906,0.004781393238586552,0.9996246049645798,1.001031221461398,1.0016877534263003e-06,1.4994802601463967e-10,4.316540552638994e-10,4.480728959953685e-05
12.9,12.886721276676385,0.0048022809638798595,0.9996256872585509,1.0010304190676995,1.0016872315836563e-06,1.500953456626432e-10,4.3142373767886116e-10,4.5096519604005584e-05
12.91,12.896721280528853,0.004823201070442963,0.999626761865686,1.0010296197911321,1.001686708276558e-06,1.5024092858817299e-10,4.311938478414379e-10,4.538656067532997e-05
12.92,12.906721260325648,0.004844153583303369,0.9996278288132923,1.0010288236188356,1.00168618350666e-06,1.503847804936666e-10,4.3096438340217194e-10,4.5677411903184416e-05
12.93,12.916721216138825,0.004865138527488421,0.9996288881285463,1.0010280305380117,1.0016856572756078e-06,1.5052690705339777e-10,4.3073534202431116e-10,4.596907238011345e-05
12.94,12.926721148040158,0.004886155928025298,0.9996299398385003,1.001027240535923,1.0016851295850457e-06,1.5066731391728798e-10,4.3050672138063254e-10,4.626154120144222e-05
12.95,12.936721056101145,0.004907205809941016,0.9996309839700801,1.0010264535998936,1.001684600436612e-06,1.5080600670900075e-10,4.3027851915767734e-10,4.6554817465304895e-05
12.96,12.946720940393002,0.00492828819826243,0.9996320205500814,1.001025669717308,1.001684069831937e-06,1.50942991024671e-10,4.300507330517277e-10,4.6848900272698494e-05
12.97,12.95672080098666,0.004949403118016223,0.9996330496051767,1.001024888875612,1.0016835377726486e-06,1.5107827243502265e-10,4.2982336077177124e-10,4.714378872738021e-05
12.98,12.966720637952792,0.004970550594228921,0.999634071161915,1.00102411106231,1.0016830042603689e-06,1.5121185648685098e-10,4.2959640003674826e-10,4.743948193586761e-05
12.99,12.976720451361784,0.004991730651926885,0.9996350852467224,1.001023336264967,1.0016824692967179e-06,1.513437486996344e-10,4.29369848577881e-10,4.773597900743846e-05
13.0,12.986720241283761,0.005012943316136309,0.9996360918859011,1.0010225644712067,1.0016819328833075e-06,1.5147395456871096e-10,4.2914370413782664e-10,4.803327905413077e-05
13.01,12.996720007788564,0.005034188611883225,0.9996370911056303,1.001021795668713,1.0016813950217476e-06,1.5160247956273709e-10,4.2891796446961855e-10,4.8331381190742764e-05
13.02,13.00671975094577,0.0050554665641935,0.9996380829319655,1.0010210298452278,1.0016808557136386e-06,1.517293291268641e-10,4.2869262733793677e-10,4.8630284534832924e-05
13.030000000000001,13.016719470824675,0.00507677719809284,0.9996390673908393,1.0010202669885522,1.0016803149605784e-06,1.5185450867807944e-10,4.28467690517414e-10,4.892998820672e-05
13.04,13.026719167494313,0.0050981205386067706,0.9996400445080659,1.0010195070865444,1.0016797727641582e-06,1.5197802361071244e-10,4.282431517945414e-10,4.923049132939738e-05
13.05,13.036718841023461,0.005119496610760681,0.9996410143093398,1.0010187501271215,1.001679229125967e-06,1.5209987929474023e-10,4.2801900896703326e-10,4.953179302856078e-05
13.06,13.046718491480611,0.005140905439579767,0.9996419768202326,1.0010179960982573,1.0016786840475845e-06,1.5222008107261137e-10,4.277952598414978e-10,4.9833892432658773e-05
13.07,13.056718118933999,0.0051623470500890755,0.9996429320661993,1.0010172449879837,1.0016781375305894e-06,1.5233863426559858e-10,4.27571902237884e-10,5.0136788672795666e-05
13.08,13.066717723451601,0.005183821467313482,0.9996438800725774,1.0010164967843884,1.0016775895765544e-06,1.524555441680813e-10,4.273489339850346e-10,5.0440480882731054e-05
13.09,13.076717305101134,0.0052053287162777,0.9996448208645882,1.0010157514756157,1.0016770401870471e-06,1.525708160526279e-10,4.271263529234391e-10,5.0744968198879936e-05
13.1,13.086716863950048,0.005226868822006275,0.9996457544673358,1.0010150090498666,1.0016764893636338e-06,1.5268445516597216e-10,4.269041569031162e-10,5.1050249760312686e-05
13.11,13.096716400065539,0.005248441809523587,0.9996466809058078,1.0010142694953976,1.0016759371078721e-06,1.5279646673218982e-10,4.266823437859429e-10,5.135632470875507e-05
13.120000000000001,13.106715913514538,0.005270047703853854,0.9996476002048744,1.0010135328005214,1.0016753834213157e-06,1.5290685594973382e-10,4.264609114435372e-10,5.1663192188588296e-05
13.129999999999999,13.116715404363712,0.005291686530021116,0.9996485123892893,1.001012798953606,1.0016748283055113e-06,1.5301562799397548e-10,4.2623985775768145e-10,5.1970851346848716e-05
13.14,13.126714872679484,0.0053133583130492695,0.9996494174836945,1.0010120679430743,1.0016742717620038e-06,1.5312278801678093e-10,4.2601918062116943e-10,5.227930133314695e-05
13.15,13.13671431852802,0.005335063077962021,0.9996503155126181,1.0010113397574036,1.0016737137923325e-06,1.532283411462994e-10,4.257988779356888e-10,5.2588541299692995e-05
13.16,13.146713741975221,0.005356800849782925,0.9996512065004719,1.0010106143851265,1.00167315439803e-06,1.533322924873867e-10,4.255789476152091e-10,5.289857040134578e-05
13.17,13.156713143086748,0.005378571653535366,0.9996520904715571,1.0010098918148287,1.0016725935806249e-06,1.5343464712096995e-10,4.253593875819586e-10,5.320938779551957e-05
13.18,13.166712521928002,0.0054003755142425615,0.9996529674500642,1.0010091720351506,1.001672031341643e-06,1.535354101057417e-10,4.2514019577002386e-10,5.352099264218393e-05
13.19,13.176711878564143,0.005422212456927563,0.9996538374600726,1.0010084550347855,1.0016714676826065e-06,1.5363458647815983e-10,4.2492137012175015e-10,5.3833384103863676e-05
13.2,13.18671121306008,0.0054440825066132525,0.9996547005255515,1.0010077408024798,1.0016709026050305e-06,1.5373218125096534e-10,4.247029085913411e-10,5.414656134563896e-05
13.21,13.196710525480473,0.005465985688322354,0.9996555566703589,1.0010070293270332,1.0016703361104275e-06,1.5382819941424107e-10,4.244848091414708e-10,5.446052353514525e-05
13.22,13.206709815889727,0.005487922027077408,0.9996564059182423,1.0010063205972983,1.0016697682003029e-06,1.5392264593583525e-10,4.242670697462481e-10,5.477526984257316e-05
13.23,13.216709084352006,0.005509891547900804,0.9996572482928384,1.0010056146021804,1.001669198876158e-06,1.5401552575903217e-10,4.240496883871935e-10,5.509079944066876e-05
13.24,13.22670833093123,0.005531894275814757,0.9996580838176778,1.001004911330636,1.0016686281394892e-06,1.5410684380615204e-10,4.23832663058533e-10,5.540711150465548e-05
13.25,13.236707555691073,0.005553930235841315,0.9996589125161838,1.0010042107716743,1.0016680559917897e-06,1.5419660497876278e-10,4.2361599176211593e-10,5.5724205212258973e-05
13.26,13.246706758694966,0.00557599945300236,0.9996597344116688,1.0010035129143557,1.0016674824345466e-06,1.5428481415238601e-10,4.2339967250953237e-10,5.6042079743753826e-05
13.27,13.2567059400061,0.005598101952319607,0.9996605495273408,1.001002817747792,1.001666907469242e-06,1.5437147618412043e-10,4.231837033235957e-10,5.636073428187441e-05
13.280000000000001,13.26670509968743,0.005620237758814603,0.9996613578863026,1.001002125261146,1.001666331097356e-06,1.5445659590734779e-10,4.229680822353778e-10,5.668016801181485e-05
13.29,13.276704237801663,0.005642406897508717,0.999662159511552,1.0010014354436307,1.0016657533203636e-06,1.5454017813448577e-10,4.2275280728547976e-10,5.700038012122876e-05
13.3,13.286703354411284,0.005664609393423172,0.9996629544259817,1.0010007482845098,1.001665174139735e-06,1.5462222765677624e-10,4.2253787652572576e-10,5.7321369800229855e-05
13.31,13.296702449578525,0.005686845271578997,0.9996637426523797,1.0010000637730971,1.0016645935569365e-06,1.547027492430147e-10,4.223232880147163e-10,5.7643136241391165e-05
13.32,13.306701523365389,0.005709114556997072,0.9996645242134287,1.0009993818987568,1.0016640115734293e-06,1.5478174764018554e-10,4.221090398220633e-10,5.796567863974564e-05
13.33,13.316700575833636,0.005731417274698101,0.9996652991317067,1.0009987026509028,1.001663428190669e-06,1.5485922757346206e-10,4.218951300260607e-10,5.82889961927859e-05
13.34,13.3266996070448,0.005753753449702621,0.9996660674296909,1.000998026018998,1.0016628434101065e-06,1.549351937489593e-10,4.21681556715167e-10,5.8613088100389874e-05
13.35,13.33669861706018,0.005776123107031,0.9996668291297566,1.0009973519925544,1.0016622572331918e-06,1.5500965084907542e-10,4.214683179856756e-10,5.8937953564844526e-05
13.36,13.346697605940838,0.005798526271703436,0.9996675842541747,1.000996680561133,1.0016616696613649e-06,1.55082603536515e-10,4.212554119444678e-10,5.926359179089044e-05
13.370000000000001,13.356696573747612,0.005820962968739965,0.999668332825116,1.0009960117143437,1.0016610806960656e-06,1.5515405645195985e-10,4.2104283670626013e-10,5.959000198563673e-05
13.379999999999999,13.366695520541105,0.005843433223160436,0.9996690748646524,1.0009953454418445,1.0016604903387286e-06,1.552240142176687e-10,4.2083059039635685e-10,5.991718335856067e-05
13.39,13.376694446381702,0.005865937059984556,0.9996698103947557,1.0009946817333408,1.001659898590785e-06,1.5529248143303052e-10,4.206186711466268e-10,6.0245135121508346e-05
13.4,13.386693351329551,0.005888474504231836,0.9996705394372983,1.0009940205785866,1.0016593054536617e-06,1.5535946267837592e-10,4.204070771010091e-10,6.057385648869382e-05
13.41,13.396692235444581,0.005911045580921634,0.9996712620140533,1.0009933619673825,1.0016587109287801e-06,1.5542496251328328e-10,4.2019580641064247e-10,6.090334667669979e-05
13.42,13.406691098786485,0.005933650315073132,0.9996719781466937,1.0009927058895778,1.0016581150175584e-06,1.5548898547530809e-10,4.199848572342891e-10,6.123360490447729e-05
13.43,13.416689941414733,0.005956288731705346,0.9996726878567933,1.0009920523350682,1.0016575177214076e-06,1.5555153608337112e-10,4.1977422774299315e-10,6.156463039334571e-05
13.44,13.426688763388576,0.005978960855837121,0.9996733911658305,1.0009914012937964,1.001656919041738e-06,1.5561261883564085e-10,4.195639161137279e-10,6.189642236692185e-05
13.45,13.436687564767043,0.006001666712487131,0.9996740880951869,1.000990752755751,1.0016563189799532e-06,1.5567223821038047e-10,4.1935392053257227e-10,6.222898005114237e-05
13.46,13.446686345608933,0.0060244063266738845,0.9996747786661447,1.0009901067109679,1.0016557175374528e-06,1.5573039866510085e-10,4.191442391949226e-10,6.256230267430665e-05
13.47,13.45668510597283,0.006047179723415708,0.9996754628998918,1.0009894631495286,1.0016551147156328e-06,1.5578710463825465e-10,4.1893487030506907e-10,6.289638946699509e-05
13.48,13.466683845917101,0.00606998692773077,0.9996761408175217,1.0009888220615601,1.0016545105158846e-06,1.5584236054881275e-10,4.187258120749251e-10,6.323123966206936e-05
13.49,13.476682565499893,0.006092827964637065,0.9996768124400333,1.0009881834372356,1.0016539049395981e-06,1.558961707960525e-10,4.1851706272572147e-10,6.356685249467225e-05
13.5,13.486681264779136,0.006115702859152414,0.9996774777883309,1.0009875472667724,1.0016532979881564e-06,1.5594853975913428e-10,4.1830862048715937e-10,6.390322720222767e-05
13.51,13.496679943812545,0.00613861163629447,0.9996781368832248,1.0009869135404341,1.0016526896629404e-06,1.559994717990072e-10,4.1810048359677497e-10,6.424036302444064e-05
13.52,13.506678602657614,0.0061615543210807155,0.9996787897454303,1.000986282248529,1.0016520799653251e-06,1.5604897125629157e-10,4.1789265030142183e-10,6.457825920329733e-05
13.530000000000001,13.516677241371621,0.006184530938528466,0.9996794363955687,1.0009856533814097,1.0016514688966803e-06,1.5609704245191425e-10,4.1768511885600033e-10,6.49169149830651e-05
13.54,13.526675860011629,0.006207541513654847,0.9996800768541702,1.0009850269294736,1.0016508564583737e-06,1.5614368968795556e-10,4.174778875226106e-10,6.525632961022429e-05
13.55,13.536674458634502,0.006230586071476847,0.9996807111416737,1.0009844028831616,1.0016502426517686e-06,1.5618891724828464e-10,4.1727095457330546e-10,6.559650233349042e-05
13.56,13.546673037296873,0.006253664637011248,0.9996813392784236,1.0009837812329592,1.0016496274782223e-06,1.5623272939644182e-10,4.1706431828691393e-10,6.593743240385429e-05
13.57,13.556671596055173,0.006276777235274683,0.9996819612846749,1.0009831619693956,1.0016490109390902e-06,1.5627513037733273e-10,4.168579769517942e-10,6.627911907450464e-05
13.58,13.566670134965625,0.006299923891283606,0.999682577180593,1.000982545083043,1.0016483930357232e-06,1.563161244184988e-10,4.1665192886286894e-10,6.66215616008279e-05
13.59,13.576668654084244,0.006323104630054298,0.999683186986253,1.0009819305645162,1.0016477737694679e-06,1.5635571572821146e-10,4.1644617232564874e-10,6.69647592404082e-05
13.6,13.586667153466834,0.006346319476602871,0.9996837907216413,1.0009813184044745,1.0016471531416694e-06,1.5639390849653095e-10,4.1624070565093814e-10,6.73087112530274e-05
13.61,13.596665633168993,0.006369568455945264,0.9996843884066539,1.0009807085936187,1.0016465311536668e-06,1.5643070689467103e-10,4.1603552715928257e-10,6.765341690066502e-05
13.620000000000001,13.606664093246113,0.006392851593097248,0.9996849800610972,1.0009801011226922,1.0016459078067936e-06,1.564661150747872e-10,4.1583063517842724e-10,6.799887544749842e-05
13.629999999999999,13.61666253375337,0.006416168913074406,0.9996855657046884,1.0009794959824823,1.0016452831023812e-06,1.5650013717145903e-10,4.156260280443759e-10,6.834508615990238e-05
13.64,13.626660954745752,0.006439520440892178,0.9996861453570581,1.0009788931638166,1.001644657041756e-06,1.5653277730063137e-10,4.1542170410075567e-10,6.869204830638489e-05
13.65,13.63665935627803,0.0064629062015658005,0.9996867190377504,1.0009782926575657,1.0016440296262422e-06,1.5656403956067314e-10,4.1521766169945214e-10,6.903976115760693e-05
13.66,13.646657738404775,0.006486326220110358,0.9996872867662194,1.0009776944546411,1.0016434008571566e-06,1.565939280319538e-10,4.15013899199339e-10,6.938822398642215e-05
13.67,13.65665610118036,0.006509780521540752,0.9996878485618347,1.0009770985459967,1.0016427707358154e-06,1.5662244677578457e-10,4.14810414967972e-10,6.973743606780216e-05
13.68,13.666654444658956,0.006533269130871719,0.9996884044438801,1.0009765049226265,1.0016421392635288e-06,1.5664959983759482e-10,4.146072073805302e-10,7.008739667883649e-05
13.69,13.676652768894536,0.006556792073117815,0.9996889544315548,1.0009759135755658,1.0016415064416058e-06,1.5667539124417917e-10,4.1440427481854537e-10,7.043810509873262e-05
13.7,13.686651073940872,0.006580349373293428,0.9996894985439726,1.000975324495891,1.0016408722713507e-06,1.5669982500454456e-10,4.1420161567350197e-10,7.078956060881596e-05
13.71,13.696649359851541,0.006603941056412775,0.9996900368001621,1.0009747376747187,1.0016402367540636e-06,1.5672290511096904e-10,4.139992283426019e-10,7.114176249252992e-05
13.72,13.706647626679914,0.006627567147489887,0.9996905692190671,1.0009741531032064,1.0016395998910406e-06,1.5674463553773118e-10,4.137971112313056e-10,7.149471003543566e-05
13.73,13.716645874479168,0.006651227671538635,0.9996910958195458,1.0009735707725516,1.001638961683573e-06,1.5676502024068662e-10,4.135952627520616e-10,7.184840252521244e-05
13.74,13.726644103302288,0.006674922653572712,0.9996916166203751,1.0009729906739915,1.0016383221329486e-06,1.5678406316023261e-10,4.1339368132536524e-10,7.22028392515953e-05
13.75,13.736642313202061,0.006698652118605638,0.999692131640249,1.0009724127988031,1.0016376812404524e-06,1.5680176821855524e-10,4.131923653797586e-10,7.255801950639484e-05
13.76,13.746640504231081,0.006722416091650758,0.9996926408977765,1.0009718371383034,1.0016370390073646e-06,1.568181393198411e-10,4.12991313348866e-10,7.291394258353455e-05
13.77,13.756638676441746,0.006746214597721245,0.9996931444114862,1.0009712636838486,1.0016363954349616e-06,1.5683318035387724e-10,4.12790523676688e-10,7.327060777897962e-05
13.780000000000001,13.766636829886266,0.0067700476618301,0.9996936421998251,1.0009706924268333,1.0016357505245168e-06,1.5684689519096897e-10,4.125899948118836e-10,7.36280143907369e-05
13.79,13.77663496461666,0.006793915308990133,0.9996941342811602,1.0009701233586914,1.0016351042773003e-06,1.5685928768596322e-10,4.123897252122177e-10,7.398616171885465e-05
13.8,13.786633080684757,0.006817817564214012,0.9996946206737768,1.0009695564708958,1.001634456694579e-06,1.5687036167761332e-10,4.121897133420195e-10,7.434504906542313e-05
13.81,13.796631178142194,0.006841754452514196,0.9996951013958798,1.0009689917549573,1.001633807777615e-06,1.568801209868849e-10,4.1198995767260634e-10,7.470467573457385e-05
13.82,13.806629257040417,0.00686572599890299,0.9996955764655933,1.0009684292024257,1.0016331575276668e-06,1.5688856941780289e-10,4.11790456682707e-10,7.506504103248015e-05
13.83,13.816627317430683,0.006889732228392521,0.9996960459009601,1.0009678688048889,1.0016325059459886e-06,1.5689571075935745e-10,4.115912088580383e-10,7.542614426735691e-05
13.84,13.826625359364066,0.00691377316599474,0.9996965097199458,1.0009673105539723,1.001631853033831e-06,1.5690154878169223e-10,4.113922126917287e-10,7.578798474940123e-05
13.85,13.83662338289145,0.006937848836721421,0.9996969679404372,1.0009667544413394,1.0016311987924423e-06,1.569060872416101e-10,4.111934666838946e-10,7.615056179081127e-05
13.86,13.846621388063532,0.006961959265584167,0.9996974205802405,1.000966200458691,1.0016305432230647e-06,1.5690932987706746e-10,4.1099496934079336e-10,7.651387470582199e-05
13.870000000000001,13.85661937493083,0.0069861044775944075,0.9996978676570851,1.0009656485977654,1.001629886326938e-06,1.5691128041140939e-10,4.1079671917651744e-10,7.68779228106371e-05
13.879999999999999,13.866617343543668,0.0070102844977633786,0.9996983091886237,1.000965098850338,1.0016292281052993e-06,1.5691194255167557e-10,4.1059871471257084e-10,7.724270542342862e-05
13.89,13.876615293952202,0.007034499351102173,0.9996987451924318,1.0009645512082208,1.0016285685593826e-06,1.5691131998817681e-10,4.1040095447596326e-10,7.760822186433759e-05
13.9,13.886613226206395,0.007058749062621677,0.9996991756860085,1.000964005663263,1.0016279076904172e-06,1.569094163970361e-10,4.10203437001963e-10,7.797447145547324e-05
13.91,13.89661114035603,0.00708303365733262,0.9996996006867755,1.0009634622073498,1.0016272454996295e-06,1.56906235437224e-10,4.100061608317675e-10,7.83414535209136e-05
13.92,13.90660903645071,0.007107353160245546,0.9997000202120782,1.0009629208324036,1.0016265819882423e-06,1.5690178075182923e-10,4.098091245144094e-10,7.870916738670527e-05
13.93,13.916606914539853,0.0071317075963708305,0.9997004342791846,1.0009623815303825,1.0016259171574719e-06,1.5689605596890565e-10,4.096123266035799e-10,7.907761238086341e-05
13.94,13.926604774672702,0.007156096990718668,0.9997008429052896,1.0009618442932808,1.001625251008535e-06,1.5688906469999e-10,4.094157656612288e-10,7.944678783331487e-05
13.95,13.936602616898321,0.007180521368299079,0.999701246107513,1.0009613091131286,1.001624583542643e-06,1.5688081054179593e-10,4.0921944025714103e-10,7.981669307591632e-05
13.96,13.946600441265597,0.007204980754121911,0.9997016439028978,1.0009607759819918,1.0016239147610034e-06,1.5687129707536697e-10,4.0902334896491305e-10,8.018732744248846e-05
13.97,13.95659824782323,0.007229475173196823,0.9997020363084145,1.0009602448919714,1.0016232446648202e-06,1.5686052786565306e-10,4.088274903661882e-10,8.055869026875055e-05
13.98,13.966596036619759,0.007254004650533309,0.99970242334096,1.000959715835204,1.0016225732552944e-06,1.5684850646447508e-10,4.0863186305065666e-10,8.093078089232072e-05
13.99,13.97659380770354,0.007278569211140683,0.9997028050173586,1.0009591888038607,1.0016219005336254e-06,1.5683523640628978e-10,4.084364656116084e-10,8.130359865271571e-05
14.0,13.986591561122758,0.007303168880028082,0.9997031813543613,1.0009586637901482,1.0016212265010075e-06,1.568207212117896e-10,4.0824129665122736e-10,8.167714289135098e-05
14.01,13.99658929692542,0.007327803682204465,0.9997035523686462,1.0009581407863075,1.0016205511586319e-06,1.5680496438620862e-10,4.0804635477741485e-10,8.205141295154063e-05
14.02,14.006587015159361,0.007352473642678615,0.999703918076818,1.0009576197846144,1.0016198745076855e-06,1.5678796942016964e-10,4.0785163860463674e-10,8.242640817849744e-05
14.030000000000001,14.016584715872241,0.007377178786459144,0.9997042784954089,1.000957100777379,1.0016191965493517e-06,1.5676973978756652e-10,4.0765714675265284e-10,8.2802127919333e-05
14.04,14.026582399111547,0.007401919138554466,0.9997046336408806,1.0009565837569459,1.001618517284811e-06,1.5675027894958765e-10,4.074628778496933e-10,8.317857152300276e-05
14.05,14.036580064924603,0.00742669472397285,0.9997049835296238,1.0009560687156933,1.0016178367152416e-06,1.5672959035153953e-10,4.072688305277999e-10,8.355573834032422e-05
14.06,14.046577713358552,0.007451505567722356,0.9997053281779564,1.0009555556460334,1.0016171548418153e-06,1.5670767742327033e-10,4.070750034276965e-10,8.393362772400868e-05
14.07,14.056575344460374,0.007476351694810885,0.999705667602127,1.0009550445404127,1.0016164716657025e-06,1.5668454358276975e-10,4.0688139519561276e-10,8.431223902859949e-05
14.08,14.066572958276875,0.007501233130246155,0.9997060018183146,1.0009545353913103,1.001615787188071e-06,1.5666019223045155e-10,4.0668800448264865e-10,8.469157161047172e-05
14.09,14.076570554854705,0.0075261498990357055,0.9997063308426288,1.000954028191239,1.0016151014100854e-06,1.5663462675381225e-10,4.064948299475275e-10,8.507162482783212e-05
14.1,14.086568134240334,0.007551102026186899,0.9997066546911098,1.0009535229327444,1.001614414332905e-06,1.5660785052679584e-10,4.0630187025617245e-10,8.545239804071924e-05
14.11,14.096565696480074,0.007576089536706918,0.9997069733797279,1.0009530196084058,1.0016137259576891e-06,1.5657986690704092e-10,4.061091240778947e-10,8.583389061100332e-05
14.120000000000001,14.106563241620066,0.0076011124556027735,0.9997072869243846,1.0009525182108348,1.0016130362855896e-06,1.5655067923990412e-10,4.0591659009111114e-10,8.621610190238646e-05
14.129999999999999,14.116560769706279,0.007626170807881279,0.9997075953409115,1.0009520187326761,1.0016123453177573e-06,1.565202908548602e-10,4.057242669776267e-10,8.65990312804022e-05
14.14,14.12655828078453,0.007651264618549101,0.9997078986450735,1.000951521166607,1.001611653055339e-06,1.564887050676196e-10,4.0553215342708146e-10,8.698267811236407e-05
14.15,14.136555774900463,0.0076763939126126965,0.9997081968525682,1.0009510255053362,1.0016109594994791e-06,1.564559251803403e-10,4.053402481341976e-10,8.736704176738139e-05
14.16,14.146553252099562,0.00770155871507836,0.9997084899790238,1.0009505317416059,1.0016102646513176e-06,1.5642195448099244e-10,4.0514854979983836e-10,8.775212161639119e-05
14.17,14.156550712427146,0.007726759050952205,0.9997087780400025,1.0009500398681896,1.001609568511991e-06,1.5638679624293483e-10,4.04957057131855e-10,8.813791703209817e-05
14.18,14.166548155928377,0.007751994945240165,0.9997090610510002,1.0009495498778926,1.0016088710826337e-06,1.563504537268208e-10,4.047657688427574e-10,8.852442738897462e-05
14.190000000000001,14.176545582648256,0.007777266422947996,0.9997093390274472,1.0009490617635521,1.001608172364378e-06,1.5631293017996294e-10,4.045746836514082e-10,8.89116520632605e-05
14.2,14.186542992631617,0.007802573509081259,0.9997096119847071,1.0009485755180365,1.0016074723583513e-06,1.5627422883442718e-10,4.043838002825994e-10,8.929959043296315e-05
14.21,14.196540385923148,0.007827916228645369,0.999709879938078,1.0009480911342457,1.001606771065679e-06,1.5623435290978578e-10,4.0419311746768734e-10,8.9688241877858e-05
14.219999999999999,14.206537762567358,0.007853294606645522,0.9997101429027915,1.0009476086051108,1.001606068487481e-06,1.5619330561184667e-10,4.040026339416283e-10,9.007760577948757e-05
14.23,14.216535122608612,0.007878708668086772,0.9997104008940133,1.0009471279235949,1.001605364624877e-06,1.561510901318065e-10,4.038123484474254e-10,9.046768152116248e-05
14.24,14.22653246609111,0.007904158437973962,0.9997106539268458,1.0009466490826904,1.0016046594789797e-06,1.561077096490034e-10,4.03622259733164e-10,9.085846848791055e-05
14.25,14.236529793058898,0.007929643941311772,0.9997109020163266,1.0009461720754218,1.0016039530509026e-06,1.5606316732879954e-10,4.0343236655264677e-10,9.124996606649341e-05
14.26,14.246527103555861,0.0079551652031047,0.9997111451774282,1.0009456968948436,1.0016032453417527e-06,1.5601746632279272e-10,4.032426676649705e-10,9.164217364543619e-05
14.27,14.256524397625737,0.00798072224835706,0.9997113834250596,1.0009452235340408,1.001602536352636e-06,1.5597060976860476e-10,4.030531618349494e-10,9.203509061497029e-05
14.280000000000001,14.266521675312102,0.008006315102072992,0.9997116167740673,1.0009447519861288,1.0016018260846551e-06,1.5592260079326953e-10,4.0286384783311516e-10,9.242871636703331e-05
14.29,14.276518936658377,0.008031943789256438,0.9997118452392346,1.0009442822442527,1.0016011145389093e-06,1.558734425092096e-10,4.0267472443592866e-10,9.282305029526878e-05
14.3,14.286516181707842,0.008057608334911192,0.9997120688352823,1.0009438143015876,1.0016004017164952e-06,1.5582313801508325e-10,4.0248579042578004e-10,9.321809179502688e-05
14.31,14.296513410503605,0.00808330876404083,0.9997122875768679,1.0009433481513392,1.0015996876185067e-06,1.5577169039832557e-10,4.0229704458908285e-10,9.36138402633635e-05
14.32,14.306510623088636,0.008109045101648771,0.9997125014785865,1.0009428837867422,1.0015989722460336e-06,1.5571910273260736e-10,4.0210848571987393e-10,9.4010295099041e-05
14.33,14.316507819505741,0.008134817372738249,0.9997127105549697,1.0009424212010611,1.0015982556001618e-06,1.5566537807741164e-10,4.0192011261557825e-10,9.440745570252782e-05
14.34,14.326504999797583,0.008160625602312312,0.9997129148204893,1.0009419603875898,1.001597537681975e-06,1.556105194816335e-10,4.017319240806088e-10,9.480532147595066e-05
14.350000000000001,14.336502164006673,0.008186469815373836,0.9997131142895557,1.0009415013396514,1.001596818492555e-06,1.5555452998082726e-10,4.0154391892424906e-10,9.520389182310984e-05
14.36,14.346499312175364,0.008212350036925498,0.9997133089765164,1.0009410440505984,1.0015960980329793e-06,1.554974125955124e-10,4.0135609596065285e-10,9.560316614950771e-05
14.370000000000001,14.356496444345874,0.008238266291969821,0.9997134988956596,1.0009405885138114,1.0015953763043205e-06,1.554391703373146e-10,4.011684540107503e-10,9.600314386229445e-05
14.379999999999999,14.366493560560258,0.00826421860550911,0.9997136840612132,1.000940134722701,1.001594653307653e-06,1.553798062019776e-10,4.009809918990715e-10,9.640382437026697e-05
14.39,14.376490660860437,0.00829020700254553,0.9997138644873453,1.000939682670705,1.0015939290440444e-06,1.5531932317613957e-10,4.007937084569227e-10,9.680520708387002e-05
14.4,14.386487745288177,0.008316231508081029,0.9997140401881643,1.000939232351291,1.0015932035145612e-06,1.552577242318274e-10,4.006066025204806e-10,9.720729141519519e-05
14.41,14.396484813885094,0.008342292147117387,0.9997142111777185,1.000938783757954,1.0015924767202665e-06,1.5519501232878592e-10,4.004196729305807e-10,9.76100767779816e-05
14.42,14.406481866692666,0.008368388944656207,0.9997143774699968,1.000938336884218,1.0015917486622203e-06,1.5513119041574861e-10,4.0023291853441106e-10,9.801356258761564e-05
14.43,14.416478903752212,0.008394521925698901,0.9997145390789276,1.000937891723635,1.0015910193414784e-06,1.5506626142726111e-10,4.000463381838186e-10,9.841774826113093e-05
14.440000000000001,14.426475925104922,0.008420691115246709,0.9997146960183824,1.0009374482697846,1.0015902887590953e-06,1.550002282870694e-10,3.9985993073530876e-10,9.882263321716254e-05
14.45,14.436472930791828,0.008446896538300667,0.999714848302174,1.0009370065162744,1.0015895569161215e-06,1.5493309390663746e-10,3.9967369505131637e-10,9.922821687596127e-05
14.46,14.446469920853826,0.008473138219861663,0.999714995944056,1.00093656645674,1.001588823813605e-06,1.548648611847238e-10,3.994876299989348e-10,9.963449865942201e-05
14.469999999999999,14.45646689533166,0.008499416184930362,0.9997151389577245,1.0009361280848441,1.0015880894525902e-06,1.5479553300822848e-10,3.993017344505515e-10,0.00010004147799102994
14.48,14.466463854265948,0.008525730458507288,0.9997152773568191,1.0009356913942768,1.0015873538341198e-06,1.5472511225282834e-10,3.9911600728363603e-10,0.00010044915429586161
14.49,14.476460797697149,0.008552081065592743,0.999715411154922,1.0009352563787557,1.0015866169592335e-06,1.5465360178149474e-10,3.989304473809519e-10,0.00010085752700058397
14.5,14.486457725665591,0.008578468031186871,0.9997155403655588,1.000934823032025,1.0015858788289669e-06,1.5458100444766992e-10,3.987450536305567e-10,0.00010126659553345507
14.51,14.496454638211459,0.008604891380289623,0.9997156650021977,1.0009343913478566,1.0015851394443557e-06,1.5450732308891427e-10,3.985598249245312e-10,0.00010167635932432371
14.52,14.506451535374795,0.00863135113790077,0.99971578507825,1.000933961320049,1.0015843988064298e-06,1.5443256053431782e-10,3.983747601600386e-10,0.00010208681780462952
14.530000000000001,14.516448417195502,0.008657847329019903,0.9997159006070704,1.0009335329424274,1.0015836569162155e-06,1.5435671960068863e-10,3.9818985824101826e-10,0.00010249797040740304
14.54,14.526445283713338,0.008684379978646413,0.9997160116019582,1.0009331062088438,1.0015829137747391e-06,1.5427980309149401e-10,3.9800511807331533e-10,0.0001029098165672213
14.55,14.536442134967936,0.008710949111779536,0.9997161180761578,1.0009326811131762,1.0015821693830218e-06,1.542018138013074e-10,3.9782053857082185e-10,0.00010332235572022266
14.56,14.546438970998778,0.008737554753418293,0.9997162200428564,1.0009322576493298,1.0015814237420834e-06,1.5412275451072624e-10,3.9763611864975914e-10,0.00010373558730413227
14.57,14.556435791845216,0.008764196928561542,0.9997163175151872,1.0009318358112351,1.0015806768529387e-06,1.5404262799081877e-10,3.9745185723248954e-10,0.00010414951075821226
14.58,14.566432597546461,0.00879087566220795,0.999716410506229,1.000931415592849,1.0015799287166025e-06,1.5396143699931254e-10,3.9726775324624583e-10,0.00010456412552326143
14.59,14.576429388141593,0.008817590979356,0.9997164990290061,1.0009309969881546,1.0015791793340857e-06,1.5387918428546472e-10,3.970838056227077e-10,0.00010497943104161524
14.600000000000001,14.586426163669554,0.008844342905003992,0.9997165830964889,1.0009305799911603,1.0015784287063973e-06,1.5379587258497998e-10,3.969000132984253e-10,0.0001053954267571459
14.61,14.596422924169147,0.00887113146415003,0.9997166627215932,1.0009301645959006,1.001577676834542e-06,1.5371150462318683e-10,3.9671637521481915e-10,0.00010581211211526202
14.620000000000001,14.60641966967905,0.00889795668179206,0.9997167379171807,1.0009297507964352,1.0015769237195224e-06,1.5362608311376707e-10,3.9653289031860384e-10,0.00010622948656290943
14.629999999999999,14.61641640023779,0.008924818582927811,0.9997168086960587,1.00092933858685,1.0015761693623377e-06,1.535396107598146e-10,3.96349557559882e-10,0.00010664754954857006
14.64,14.626413115883778,0.00895171719255486,0.9997168750709823,1.0009289279612557,1.0015754137639855e-06,1.534520902527766e-10,3.9616637589362676e-10,0.00010706630052222078
14.65,14.63640981665528,0.008978652535670569,0.9997169370546538,1.0009285189137882,1.0015746569254596e-06,1.5336352427393587e-10,3.959833442813757e-10,0.00010748573893534594
14.66,14.646406502590434,0.009005624637272133,0.9997169946597215,1.0009281114386086,1.001573898847751e-06,1.5327391549208147e-10,3.9580046168657226e-10,0.00010790586424096344
14.67,14.656403173727245,0.009032633522356556,0.9997170478987819,1.000927705529903,1.0015731395318488e-06,1.5318326656689685e-10,3.9561772707943613e-10,0.00010832667589357588
14.68,14.66639983010359,0.009059679215920657,0.9997170967843796,1.000927301181882,1.001572378978738e-06,1.530915801457835e-10,3.954351394344222e-10,0.0001087481733491706
14.690000000000001,14.676396471757215,0.009086761742961077,0.9997171413290078,1.0009268983887811,1.0015716171894035e-06,1.529988588668255e-10,3.9525269772916163e-10,0.00010917035606521976
14.7,14.686393098725729,0.009113881128474248,0.9997171815451076,1.0009264971448606,1.0015708541648263e-06,1.5290510535667206e-10,3.950704009474267e-10,0.00010959322350067999
14.71,14.696389711046624,0.00914103739745645,0.9997172174450687,1.0009260974444047,1.0015700899059838e-06,1.5281032223074915e-10,3.9488824807701304e-10,0.00011001677511599316
14.719999999999999,14.70638630875725,0.009168230574903746,0.9997172490412288,1.0009256992817224,1.0015693244138516e-06,1.5271451209474186e-10,3.947062381099514e-10,0.00011044101037308528
14.73,14.716382891894833,0.00919546068581204,0.9997172763458742,1.000925302651147,1.0015685576894023e-06,1.526176775426886e-10,3.9452437004271956e-10,0.00011086592873536771
14.74,14.72637946049647,0.009222727755177027,0.9997172993712409,1.0009249075470361,1.0015677897336053e-06,1.5251982115846338e-10,3.943426428773009e-10,0.00011129152966769548
14.75,14.736376014599132,0.009250031807994228,0.9997173181295151,1.0009245139637704,1.0015670205474284e-06,1.5242094551619932e-10,3.941610556175847e-10,0.00011171781263638104
14.76,14.74637255423966,0.009277372869258975,0.9997173326328315,1.0009241218957554,1.0015662501318354e-06,1.5232105317880636e-10,3.9397960727571874e-10,0.00011214477710921825
14.77,14.75636907945477,0.009304750963966414,0.9997173428932749,1.0009237313374202,1.0015654784877885e-06,1.5222014669860654e-10,3.937982968649097e-10,0.00011257242255543588
14.780000000000001,14.766365590281055,0.00933216611711151,0.9997173489228811,1.0009233422832169,1.0015647056162468e-06,1.5211822861839275e-10,3.936171234036581e-10,0.00011300074844569773
14.79,14.776362086754975,0.009359618353689023,0.999717350733637,1.000922954727622,1.0015639315181684e-06,1.5201530146994649e-10,3.9343608591639377e-10,0.00011342975425210216
14.8,14.78635856891288,0.009387107698693551,0.9997173483374795,1.0009225686651344,1.0015631561945068e-06,1.519113677755201e-10,3.932551834292406e-10,0.00011385943944818293
14.81,14.79635503679098,0.009414634177119482,0.9997173417462967,1.0009221840902771,1.001562379646214e-06,1.5180643004720155e-10,3.9307441497467513e-10,0.00011428980350890822
14.82,14.806351490425364,0.009442197813961032,0.999717330971927,1.0009218009975964,1.0015616018742403e-06,1.5170049078564386e-10,3.928937795889857e-10,0.00011472084591068136
14.83,14.816347929852,0.009469798634212226,0.99971731602616,1.0009214193816611,1.0015608228795298e-06,1.515935524826062e-10,3.927132763122722e-10,0.00011515256613134055
14.84,14.826344355106734,0.009497436662866897,0.9997172969207372,1.0009210392370633,1.0015600426630273e-06,1.5148561761968335e-10,3.9253290418908145e-10,0.00011558496365011989
14.850000000000001,14.836340766225288,0.009525111924918702,0.9997172736673527,1.000920660558418,1.0015592612256743e-06,1.513766886676704e-10,3.923526622679837e-10,0.00011601803794766203
14.86,14.846337163243255,0.00955282444536109,0.9997172462776514,1.000920283340363,1.001558478568409e-06,1.5126676808804514e-10,3.9217254960305493e-10,0.00011645178850604105
14.870000000000001,14.85633354619612,0.009580574249187351,0.9997172147632306,1.0009199075775583,1.001557694692167e-06,1.511558583325444e-10,3.9199256525048865e-10,0.00011688621480871863
14.879999999999999,14.866329915119236,0.009608361361390552,0.9997171791356414,1.000919533264687,1.001556909597883e-06,1.5104396184210536e-10,3.9181270827177236e-10,0.00011732131634054292
14.89,14.876326270047846,0.009636185806963614,0.9997171394063873,1.0009191603964538,1.0015561232864876e-06,1.5093108104855965e-10,3.9163297773241697e-10,0.00011775709258774971
14.9,14.88632261101706,0.009664047610899227,0.9997170955869251,1.0009187889675868,1.0015553357589105e-06,1.5081721837548027e-10,3.9145337270301557e-10,0.00011819354303796134
14.91,14.896318938061881,0.00969194679818992,0.9997170476886644,1.000918418972835,1.0015545470160776e-06,1.5070237623373475e-10,3.9127389225627884e-10,0.00011863066718018747
14.92,14.906315251217185,0.009719883393828026,0.9997169957229679,1.0009180504069708,1.0015537570589126e-06,1.5058655702656733e-10,3.910945354702114e-10,0.00011906846450482475
14.93,14.916311550517728,0.00974785742280569,0.9997169397011513,1.000917683264788,1.0015529658883364e-06,1.504697631466343e-10,3.9091530142726487e-10,0.00011950693450365686
14.940000000000001,14.926307835998154,0.009775868910114874,0.9997168796344849,1.000917317541102,1.001552173505267e-06,1.503519969770629e-10,3.9073618921285537e-10,0.00011994607666981726
14.95,14.936304107692981,0.009803917880747328,0.9997168155341933,1.0009169532307503,1.0015513799106214e-06,1.5023326089208643e-10,3.9055719791705776e-10,0.00012038589049780068
14.96,14.94630036563662,0.009832004359694653,0.9997167474114544,1.0009165903285924,1.0015505851053125e-06,1.501135572551386e-10,3.9037832663397033e-10,0.0001208263754834865
14.969999999999999,14.956296609863355,0.009860128371948218,0.9997166752774014,1.000916228829509,1.0015497890902517e-06,1.4999288842245332e-10,3.9019957446107945e-10,0.00012126753112409455
14.98,14.966292840407364,0.009888289942499243,0.9997165991431219,1.000915868728402,1.0015489918663479e-06,1.498712567379825e-10,3.900209405009537e-10,0.00012170935691818646
14.99,14.9762890573027,0.009916489096338724,0.9997165190196597,1.0009155100201952,1.001548193434507e-06,1.4974866453911355e-10,3.898424238593381e-10,0.00012215185236566438
15.0,14.98628526058331,0.009944725858457489,0.999716434918013,1.000915152699833,1.0015473937956345e-06,1.4962511415179895e-10,3.896640236453657e-10,0.0001225950169677719
15.01,14.99628145028302,0.009973000253846167,0.9997163468491355,1.0009147967622813,1.0015465929506313e-06,1.4950060789415613e-10,3.894857389734636e-10,0.0001230388502270936
15.02,15.006277626435539,0.010001312307495203,0.9997162548239357,1.0009144422025278,1.0015457909003968e-06,1.4937514807477338e-10,3.8930756896081166e-10,0.00012348335164755528
15.030000000000001,15.01627378907447,0.010029662044394856,0.9997161588532778,1.0009140890155799,1.001544987645827e-06,1.4924873699165107e-10,3.891295127292485e-10,0.00012392852073442383
15.04,15.02626993823329,0.01005804948953517,0.9997160589479824,1.0009137371964665,1.0015441831878157e-06,1.4912137693558983e-10,3.8895156940421257e-10,0.00012437435699427102
15.05,15.036266073945379,0.010086474667906043,0.9997159551188267,1.0009133867402373,1.0015433775272566e-06,1.4899307018595532e-10,3.887737381130482e-10,0.00012482085993498597
15.06,15.046262196243989,0.01011493760449714,0.9997158473765432,1.0009130376419628,1.0015425706650372e-06,1.4886381901576043e-10,3.885960179913583e-10,0.0001252680290657954
15.07,15.05625830516227,0.01014343832429796,0.9997157357318215,1.0009126898967333,1.0015417626020445e-06,1.4873362568721843e-10,3.884184081736869e-10,0.00012571586389722333
15.08,15.066254400733255,0.010171976852297804,0.9997156201953084,1.0009123434996607,1.0015409533391643e-06,1.486024924536487e-10,3.8824090780198964e-10,0.0001261643639410908
15.09,15.076250482989874,0.010200553213485786,0.9997155007776081,1.000911998445876,1.0015401428772788e-06,1.4847042156032383e-10,3.8806351601928095e-10,0.00012661352871051577
15.100000000000001,15.086246551964937,0.010229167432850827,0.9997153774892817,1.0009116547305317,1.001539331217269e-06,1.483374152434108e-10,3.8788623197471623e-10,0.00012706335771991327
15.11,15.096242607691146,0.010257819535381648,0.9997152503408482,1.000911312348799,1.0015385183600113e-06,1.4820347572975925e-10,3.877090548193567e-10,0.000127513850484995
15.120000000000001,15.1062386502011,0.010286509546066804,0.9997151193427828,1.0009109712958704,1.001537704306382e-06,1.4806860523732492e-10,3.875319837089223e-10,0.00012796500652277024
15.129999999999999,15.116234679527272,0.010315237489894626,0.9997149845055189,1.0009106315669583,1.0015368890572539e-06,1.4793280597559326e-10,3.873550178020975e-10,0.00012841682535154455
15.14,15.126230695702043,0.010344003391853289,0.9997148458394479,1.0009102931572946,1.0015360726134978e-06,1.4779608014515589e-10,3.8717815626180204e-10,0.00012886930649088672
15.15,15.136226698757676,0.010372807276930747,0.9997147033549202,1.000909956062131,1.0015352549759817e-06,1.4765842993813405e-10,3.870013982545555e-10,0.00012932244946163845
15.16,15.14622268872633,0.010401649170114779,0.9997145570622433,1.0009096202767391,1.0015344361455711e-06,1.4751985753796693e-10,3.868247429504773e-10,0.00012977625378593602
15.17,15.15621866564005,0.010430529096392966,0.9997144069716839,1.00090928579641,1.00153361612313e-06,1.4738036511835283e-10,3.866481895232868e-10,0.00013023071898717023
15.18,15.166214629530783,0.010459447080752703,0.9997142530934678,1.000908952616454,1.0015327949095203e-06,1.4723995484642555e-10,3.864717371490328e-10,0.0001306858445899865
15.190000000000001,15.176210580430363,0.010488403148181192,0.99971409543778,1.0009086207322018,1.0015319725056018e-06,1.470986288791545e-10,3.862953850099049e-10,0.00013114163012028495
15.2,15.186206518370518,0.010517397323665426,0.9997139340147647,1.0009082901390018,1.0015311489122303e-06,1.4695638936673278e-10,3.8611913229042213e-10,0.00013159807510521997
15.21,15.196202443382875,0.010546429632192239,0.9997137688345255,1.000907960832223,1.0015303241302622e-06,1.468132384489774e-10,3.859429781774329e-10,0.00013205517907320107
15.219999999999999,15.206198355498946,0.010575500098748239,0.9997135999071245,1.0009076328072533,1.0015294981605489e-06,1.4666917825871733e-10,3.85766921863503e-10,0.0001325129415538918
15.23,15.21619425475015,0.010604608748319873,0.9997134272425837,1.000907306059499,1.0015286710039408e-06,1.4652421091861712e-10,3.8559096254183363e-10,0.00013297136207821085
15.24,15.226190141167782,0.010633755605893367,0.9997132508508855,1.0009069805843867,1.0015278426612857e-06,1.4637833854520035e-10,3.8541509941324914e-10,0.00013343044017829795
15.25,15.236186014783053,0.010662940696454772,0.9997130707419725,1.00090665637736,1.0015270131334292e-06,1.4623156324546148e-10,3.852393316777269e-10,0.00013389017538752507
15.26,15.246181875627059,0.010692164044989943,0.9997128869257466,1.000906333433883,1.0015261824212144e-06,1.4608388711792463e-10,3.8506365854138536e-10,0.00013435056724051615
15.27,15.256177723730794,0.010721425676484542,0.9997126994120709,1.0009060117494375,1.0015253505254824e-06,1.4593531225306712e-10,3.8488807921309567e-10,0.000134811615273109
15.280000000000001,15.26617355912515,0.010750725615924038,0.9997125082107694,1.0009056913195242,1.001524517447072e-06,1.4578584073395472e-10,3.8471259290490546e-10,0.00013527331902235537
15.29,15.276169381840914,0.010780063888293695,0.9997123133316271,1.0009053721396626,1.0015236831868213e-06,1.4563547463539464e-10,3.845371988328857e-10,0.00013573567802652056
15.3,15.28616519190878,0.010809440518578614,0.9997121147843901,1.0009050542053897,1.001522847745564e-06,1.4548421602224144e-10,3.843618962150133e-10,0.00013619869182508433
15.31,15.296160989359329,0.010838855531763666,0.9997119125787655,1.000904737512262,1.0015220111241335e-06,1.4533206695405574e-10,3.8418668427477075e-10,0.00013666235995873975
15.32,15.306156774223043,0.010868308952833554,0.9997117067244213,1.0009044220558534,1.0015211733233602e-06,1.4517902948023375e-10,3.8401156223733467e-10,0.000137126681969394
15.33,15.316152546530303,0.010897800806772776,0.9997114972309867,1.0009041078317567,1.0015203343440708e-06,1.450251056429719e-10,3.838365293327521e-10,0.00013759165740016816
15.34,15.32614830631139,0.010927331118565645,0.9997112841080533,1.0009037948355821,1.0015194941870918e-06,1.4487029747684336e-10,3.836615847921289e-10,0.00013805728579536526
15.350000000000001,15.336144053596486,0.010956899913196278,0.9997110673651748,1.0009034830629584,1.001518652853247e-06,1.4471460700731562e-10,3.8348672785207665e-10,0.00013852356670048064
15.36,15.346139788415668,0.01098650721564858,0.9997108470118657,1.0009031725095319,1.0015178103433572e-06,1.4455803625329174e-10,3.8331195775132443e-10,0.00013899049966222067
15.370000000000001,15.35613551079892,0.011016153050906299,0.999710623057604,1.000902863170967,1.0015169666582426e-06,1.4440058722456914e-10,3.8313727373156603e-10,0.00013945808422846697
15.379999999999999,15.366131220776118,0.011045837443952947,0.9997103955118299,1.000902555042946,1.0015161217987203e-06,1.4424226192395722e-10,3.8296267503978916e-10,0.00013992631994827527
15.39,15.376126918377057,0.01107556041977188,0.9997101643839466,1.0009022481211678,1.001515275765604e-06,1.4408306234664209e-10,3.827881609240403e-10,0.00014039520637187673
15.4,15.386122603631412,0.011105322003346227,0.9997099296833198,1.0009019424013503,1.0015144285597095e-06,1.4392299047955128e-10,3.8261373063660115e-10,0.0001408647430506765
15.41,15.396118276568773,0.011135122219658943,0.9997096914192786,1.000901637879228,1.0015135801818467e-06,1.4376204830241255e-10,3.824393834325062e-10,0.00014133492953725496
15.42,15.40611393721863,0.01116496109369278,0.999709449601114,1.0009013345505529,1.0015127306328233e-06,1.436002377871186e-10,3.822651185703899e-10,0.000141805765385367
15.43,15.41610958561037,0.011194838650430299,0.9997092042380805,1.0009010324110952,1.0015118799134478e-06,1.4343756089645653e-10,3.820909353114277e-10,0.0001422772501499423
15.440000000000001,15.426105221773293,0.01122475491485387,0.9997089553393966,1.0009007314566412,1.0015110280245227e-06,1.4327401958770773e-10,3.819168329212421e-10,0.00014274938338705467
15.45,15.436100845736588,0.011254709911945646,0.9997087029142443,1.0009004316829953,1.0015101749668516e-06,1.431096158103185e-10,3.817428106679966e-10,0.00014322216465393147
15.46,15.446096457529366,0.011284703666687624,0.9997084469717687,1.0009001330859784,1.0015093207412345e-06,1.4294435150441785e-10,3.8156886782133705e-10,0.00014369559350897303
15.469999999999999,15.456092057180625,0.01131473620406156,0.9997081875210795,1.0008998356614285,1.0015084653484693e-06,1.427782286035702e-10,3.813950036568385e-10,0.000144169669511716
15.48,15.466087644719282,0.011344807549049062,0.9997079245712506,1.0008995394052012,1.0015076087893527e-06,1.4261124903519905e-10,3.812212174515584e-10,0.00014464439222283478
15.49,15.476083220174148,0.0113749177266315,0.9997076581313202,1.0008992443131677,1.0015067510646787e-06,1.4244341471741048e-10,3.810475084857304e-10,0.00014511976120414036
15.5,15.486078783573948,0.01140506676179007,0.9997073882102914,1.0008989503812171,1.0015058921752395e-06,1.4227472756259315e-10,3.8087387604361174e-10,0.00014559577601858104
15.51,15.49607433494731,0.01143525467950577,0.9997071148171315,1.0008986576052545,1.0015050321218259e-06,1.4210518947381833e-10,3.807003194107301e-10,0.0001460724362302422
15.52,15.50606987432276,0.011465481504759402,0.9997068379607721,1.0008983659812025,1.0015041709052253e-06,1.419348023490751e-10,3.8052683787790713e-10,0.00014654974140434622
15.530000000000001,15.516065401728744,0.011495747262531573,0.9997065576501095,1.0008980755049992,1.0015033085262239e-06,1.4176356807639988e-10,3.803534307365998e-10,0.00014702769110725268
15.54,15.5260609171936,0.01152605197780268,0.9997062738940057,1.0008977861725998,1.0015024449856046e-06,1.4159148853853517e-10,3.8018009728334723e-10,0.0001475062849064284
15.55,15.53605642074559,0.011556395675552953,0.9997059867012879,1.0008974979799758,1.00150158028415e-06,1.414185656108119e-10,3.800068368170179e-10,0.000147985522370458
15.56,15.546051912412864,0.011586778380762391,0.999705696080748,1.0008972109231156,1.0015007144226403e-06,1.4124480116009072e-10,3.7983364863859786e-10,0.00014846540306906006
15.57,15.556047392223494,0.011617200118410824,0.9997054020411441,1.0008969249980224,1.0014998474018528e-06,1.4107019704730298e-10,3.7966053205288484e-10,0.0001489459265730545
15.58,15.566042860205458,0.011647660913477869,0.9997051045912,1.000896640200717,1.001498979222562e-06,1.408947551261803e-10,3.794874863689117e-10,0.00014942709245436197
15.59,15.576038316386642,0.011678160790942953,0.9997048037396058,1.000896356527235,1.001498109885544e-06,1.4071847724198396e-10,3.7931451089507605e-10,0.00014990890028600406
15.600000000000001,15.586033760794841,0.011708699775785312,0.9997044994950174,1.0008960739736297,1.00149723939157e-06,1.4054136523531654e-10,3.7914160494697525e-10,0.00015039134964210326
15.61,15.596029193457753,0.01173927789298396,0.9997041918660569,1.0008957925359685,1.00149636774141e-06,1.4036342093746328e-10,3.789687678397832e-10,0.00015087444009788268
15.620000000000001,15.606024614402997,0.011769895167517752,0.9997038808613123,1.000895512210336,1.0014954949358323e-06,1.4018464617335667e-10,3.7879599889333237e-10,0.00015135817122966685
15.629999999999999,15.616020023658091,0.011800551624365307,0.9997035664893379,1.0008952329928322,1.001494620975602e-06,1.4000504276199995e-10,3.7862329743020823e-10,0.00015184254261488045
15.64,15.626015421250472,0.011831247288505082,0.9997032487586547,1.000894954879573,1.0014937458614828e-06,1.3982461251392606e-10,3.7845066277553725e-10,0.00015232755383202148
15.65,15.636010807207478,0.011861982184915307,0.9997029276777514,1.0008946778666892,1.0014928695942372e-06,1.396433572337387e-10,3.782780942567753e-10,0.00015281320446066892
15.66,15.646006181556368,0.01189275633857403,0.9997026032550821,1.0008944019503283,1.0014919921746252e-06,1.3946127871799471e-10,3.7810559120497804e-10,0.00015329949408150073
15.67,15.656001544324305,0.011923569774459101,0.9997022754990689,1.0008941271266527,1.0014911136034044e-06,1.3927837875753355e-10,3.779331529539541e-10,0.00015378642227626083
15.68,15.665996895538367,0.011954422517548165,0.9997019444181012,1.0008938533918401,1.0014902338813305e-06,1.3909465913641833e-10,3.7776077884047673e-10,0.0001542739886277592
15.690000000000001,15.675992235225548,0.01198531459281868,0.9997016100205363,1.0008935807420838,1.0014893530091586e-06,1.3891012163087716e-10,3.775884682032249e-10,0.00015476219271987204
15.7,15.685987563412745,0.012016246025247881,0.9997012723146985,1.0008933091735925,1.0014884709876414e-06,1.3872476801142065e-10,3.7741622038574807e-10,0.00015525103413754115
15.71,15.695982880126781,0.012047216839812844,0.9997009313088798,1.0008930386825898,1.0014875878175287e-06,1.3853860004178315e-10,3.772440347318075e-10,0.000155740512466775
15.719999999999999,15.705978185394374,0.012078227061490403,0.9997005870113401,1.000892769265315,1.0014867034995692e-06,1.383516194782875e-10,3.7707191058982305e-10,0.00015623062729464753
15.73,15.715973479242173,0.01210927671525724,0.9997002394303064,1.0008925009180216,1.0014858180345084e-06,1.3816382807090373e-10,3.7689984730990873e-10,0.0001567213782092993
15.74,15.725968761696727,0.012140365826089794,0.9996998885739745,1.0008922336369794,1.0014849314230918e-06,1.3797522756282567e-10,3.7672784424599015e-10,0.0001572127647999091
15.75,15.735964032784505,0.01217149441896433,0.9996995344505086,1.0008919674184722,1.0014840436660623e-06,1.377858196902591e-10,3.765559007526282e-10,0.0001577047866567037
15.76,15.745959292531893,0.012202662518856912,0.9996991770680408,1.0008917022587989,1.0014831547641598e-06,1.375956061839041e-10,3.7638401618946597e-10,0.00015819744337097348
15.77,15.755954540965186,0.0122338701507434,0.9996988164346717,1.0008914381542733,1.0014822647181233e-06,1.3740458876683742e-10,3.762121899184759e-10,0.00015869073453504153
15.780000000000001,15.7659497781106,0.012265117339599462,0.9996984525584712,1.000891175101224,1.00148137352869e-06,1.3721276915620662e-10,3.760404213026892e-10,0.00015918465974226355
15.79,15.77594500399426,0.012296404110400543,0.9996980854474781,1.000890913095994,1.0014804811965952e-06,1.3702014906238297e-10,3.758687097097958e-10,0.0001596792185870274
15.8,15.785940218642214,0.012327730488121932,0.9996977151097,1.0008906521349412,1.0014795877225723e-06,1.3682673019023204e-10,3.7569705450896787e-10,0.00016017441066475414
15.81,15.79593542208042,0.012359096497738675,0.9996973415531136,1.0008903922144377,1.0014786931073527e-06,1.3663251423636083e-10,3.7552545507191877e-10,0.00016067023557189675
15.82,15.805930614334754,0.012390502164225641,0.9996969647856646,1.0008901333308706,1.0014777973516668e-06,1.3643750289250587e-10,3.7535391077396167e-10,0.0001611666929059411
15.83,15.815925795431008,0.012421947512557496,0.9996965848152676,1.000889875480641,1.001476900456241e-06,1.3624169784256868e-10,3.7518242099210385e-10,0.0001616637822654055
15.84,15.825920965394891,0.012453432567708705,0.999696201649807,1.0008896186601648,1.0014760024218013e-06,1.3604510076579208e-10,3.750109851071642e-10,0.00016216150324981462
15.850000000000001,15.835916124252032,0.012484957354653537,0.9996958152971375,1.0008893628658717,1.0014751032490724e-06,1.3584771333379557e-10,3.7483960250059697e-10,0.00016265985545970796
15.86,15.84591127202797,0.01251652189836604,0.9996954257650825,1.000889108094206,1.001474202938776e-06,1.356495372120577e-10,3.746682725583032e-10,0.00016315883849665503
15.870000000000001,15.855906408748172,0.012548126223820105,0.9996950330614358,1.0008888543416259,1.001473301491632e-06,1.3545057406076305e-10,3.744969946691487e-10,0.0001636584519632264
15.879999999999999,15.865901534438015,0.012579770355989365,0.9996946371939617,1.0008886016046037,1.0014723989083593e-06,1.3525082553226113e-10,3.743257682222109e-10,0.00016415869546299215
15.89,15.875896649122804,0.012611454319847313,0.9996942381703944,1.0008883498796255,1.0014714951896745e-06,1.3505029327339575e-10,3.7415459261016715e-10,0.0001646595686005234
15.9,15.885891752827751,0.01264317814036719,0.9996938359984388,1.0008880991631923,1.0014705903362934e-06,1.3484897892635204e-10,3.739834672297183e-10,0.00016516107098139094
15.91,15.895886845577996,0.012674941842522065,0.9996934306857698,1.0008878494518179,1.0014696843489284e-06,1.346468841248448e-10,3.7381239147883564e-10,0.0001656632022121662
15.92,15.905881927398594,0.012706745451284796,0.999693022240033,1.0008876007420304,1.0014687772282913e-06,1.3444401049771838e-10,3.7364136475781986e-10,0.00016616596190042088
15.93,15.915876998314522,0.012738588991628046,0.999692610668844,1.0008873530303717,1.0014678689750908e-06,1.3424035966661736e-10,3.734703864690892e-10,0.00016666934965472692
15.940000000000001,15.925872058350674,0.012770472488524276,0.9996921959797899,1.0008871063133977,1.0014669595900355e-06,1.3403593324831588e-10,3.732994560188736e-10,0.0001671733650846314
15.95,15.935867107531863,0.01280239596694573,0.9996917781804286,1.0008868605876775,1.0014660490738306e-06,1.3383073285302357e-10,3.731285728157323e-10,0.0001676780078006642
15.96,15.945862145882831,0.012834359451864483,0.9996913572782892,1.000886615849794,1.0014651374271807e-06,1.3362476008502084e-10,3.729577362697068e-10,0.00016818327741435416
15.969999999999999,15.95585717342823,0.012866362968252366,0.9996909332808714,1.0008863720963435,1.0014642246507874e-06,1.334180165413883e-10,3.7278694579401506e-10,0.00016868917353819862
15.98,15.965852190192646,0.012898406541081058,0.9996905061956474,1.0008861293239357,1.0014633107453517e-06,1.3321050381539493e-10,3.7261620080378084e-10,0.00016919569578566492
15.99,15.975847196200572,0.012930490195321989,0.9996900760300602,1.0008858875291944,1.001462395711573e-06,1.3300222349353344e-10,3.7244550071836304e-10,0.00016970284377118905
16.0,15.985842191476436,0.012962613955946412,0.9996896427915252,1.0008856467087555,1.0014614795501483e-06,1.3279317715509676e-10,3.722748449560618e-10,0.00017021061711017653
16.009999999999998,15.995837176044581,0.01299477784792537,0.9996892064874286,1.0008854068592687,1.0014605622617725e-06,1.3258336637514265e-10,3.7210423294110644e-10,0.00017071901541900207
16.02,16.005832149929276,0.01302698189622972,0.9996887671251289,1.000885167977398,1.0014596438471402e-06,1.3237279272237614e-10,3.719336640983616e-10,0.00017122803831500993
16.03,16.015827113154707,0.0130592261258301,0.9996883247119558,1.000884930059819,1.0014587243069426e-06,1.3216145775851422e-10,3.717631378550213e-10,0.00017173768541651316
16.04,16.02582206574498,0.013091510561696931,0.9996878792552116,1.0008846931032216,1.00145780364187e-06,1.3194936304103873e-10,3.715926536420911e-10,0.0001722479563427698
16.05,16.03581700772414,0.013123835228800474,0.9996874307621713,1.0008844571043076,1.0014568818526098e-06,1.3173651012150225e-10,3.714222108912119e-10,0.00017275885071399116
16.060000000000002,16.045811939116145,0.013156200152110754,0.9996869792400812,1.000884222059793,1.0014559589398504e-06,1.315229005438341e-10,3.712518090376245e-10,0.00017327036815135532
16.07,16.05580685994487,0.01318860535659759,0.9996865246961607,1.000883987966406,1.0014550349042746e-06,1.3130853584878721e-10,3.7108144751826375e-10,0.00017378250827697973
16.08,16.065801770234128,0.013221050867230622,0.9996860671376019,1.0008837548208878,1.0014541097465674e-06,1.3109341756885594e-10,3.7091112577260557e-10,0.0001742952707139216
16.09,16.07579667000765,0.013253536708979285,0.9996856065715697,1.0008835226199924,1.0014531834674097e-06,1.3087754723335828e-10,3.707408432422435e-10,0.00017480865508617748
16.1,16.0857915592891,0.01328606290681279,0.999685143005202,1.0008832913604861,1.0014522560674813e-06,1.306609263635654e-10,3.705705993713122e-10,0.0001753226610186829
16.11,16.095786438102042,0.013318629485700142,0.9996846764456093,1.0008830610391495,1.001451327547462e-06,1.3044355647757208e-10,3.704003936069109e-10,0.00017583728813731284
16.12,16.105781306469996,0.013351236470610182,0.9996842068998751,1.0008828316527738,1.0014503979080261e-06,1.3022543908584985e-10,3.702302253971976e-10,0.00017635253606888208
16.13,16.115776164416385,0.013383883886511495,0.9996837343750556,1.0008826031981644,1.0014494671498497e-06,1.3000657569357625e-10,3.7006009419350673e-10,0.00017686840444114412
16.14,16.12577101196457,0.013416571758372516,0.9996832588781811,1.0008823756721383,1.001448535273606e-06,1.2978696780084663e-10,3.698899994488668e-10,0.00017738489288276904
16.15,16.135765849137837,0.013449300111161425,0.9996827804162549,1.000882149071525,1.0014476022799649e-06,1.2956661690225062e-10,3.6971994061905906e-10,0.0001779020010233498
16.16,16.14576067595939,0.013482068969846241,0.9996822989962537,1.0008819233931674,1.001446668169598e-06,1.2934552448602512e-10,3.695499171619825e-10,0.00017841972849341742
16.17,16.155755492452375,0.013514878359394753,0.9996818146251281,1.000881698633919,1.0014457329431713e-06,1.291236920363836e-10,3.6937992853723006e-10,0.0001789380749244131
16.18,16.16575029863984,0.01354772830477454,0.9996813273098023,1.000881474790648,1.0014447966013535e-06,1.289011210305515e-10,3.692099742079946e-10,0.00017945703994868854
16.19,16.17574509454479,0.01358061883095301,0.9996808370571751,1.0008812518602324,1.0014438591448073e-06,1.286778129413074e-10,3.6904005363895137e-10,0.00017997662319950658
16.2,16.185739880190138,0.013613549962897325,0.9996803438741191,1.0008810298395636,1.0014429205741974e-06,1.284537692355006e-10,3.688701662956225e-10,0.00018049682431103993
16.21,16.19573465559873,0.013646521725574484,0.9996798477674805,1.0008808087255454,1.0014419808901856e-06,1.282289913742629e-10,3.687003116481889e-10,0.00018101764291837257
16.22,16.20572942079334,0.013679534143951236,0.9996793487440799,1.0008805885150933,1.0014410400934306e-06,1.2800348081491452e-10,3.6853048916767854e-10,0.0001815390786574983
16.23,16.21572417579667,0.013712587242994179,0.999678846810712,1.0008803692051347,1.0014400981845912e-06,1.2777723900715233e-10,3.683606983270251e-10,0.00018206113116532233
16.240000000000002,16.225718920631348,0.013745681047669657,0.9996783419741457,1.0008801507926095,1.0014391551643245e-06,1.275502673962263e-10,3.681909386017035e-10,0.00018258380007963714
16.25,16.235713655319934,0.013778815582943823,0.9996778342411257,1.000879933274469,1.0014382110332847e-06,1.2732256742315124e-10,3.6802120947015313e-10,0.00018310708503913072
16.259999999999998,16.245708379884913,0.013811990873782638,0.9996773236183697,1.0008797166476766,1.001437265792125e-06,1.2709414052237744e-10,3.678515104122958e-10,0.00018363098568339997
16.27,16.25570309434871,0.013845206945151864,0.9996768101125713,1.0008795009092075,1.001436319441497e-06,1.2686498812390827e-10,3.6768184090974734e-10,0.00018415550165292482
16.28,16.26569779873367,0.01387846382201703,0.9996762937303986,1.000879286056049,1.001435371982052e-06,1.2663511165075908e-10,3.6751220044645293e-10,0.00018468063258906758
16.29,16.275692493062063,0.013911761529343463,0.9996757744784952,1.0008790720851992,1.0014344234144372e-06,1.2640451252319238e-10,3.6734258850995764e-10,0.00018520637813407339
16.3,16.285687177356106,0.013945100092096313,0.9996752523634798,1.0008788589936688,1.0014334737393006e-06,1.2617319215532965e-10,3.67173004587383e-10,0.00018573273793107085
16.310000000000002,16.29568185163793,0.013978479535240498,0.9996747273919458,1.0008786467784798,1.0014325229572875e-06,1.2594115195493967e-10,3.67003448169874e-10,0.0001862597116240708
16.32,16.3056765159296,0.014011899883740722,0.9996741995704623,1.0008784354366655,1.0014315710690416e-06,1.2570839332597954e-10,3.668339187498461e-10,0.00018678729885796688
16.33,16.315671170253122,0.014045361162561512,0.999673668905573,1.0008782249652715,1.0014306180752046e-06,1.2547491766753594e-10,3.6666441582225597e-10,0.00018731549927853601
16.34,16.325665814630426,0.014078863396667186,0.9996731354037979,1.0008780153613537,1.0014296639764174e-06,1.2524072637086047e-10,3.66494938883966e-10,0.00018784431253241618
16.35,16.335660449083367,0.014112406611021833,0.9996725990716323,1.0008778066219808,1.0014287087733197e-06,1.2500582082635773e-10,3.663254874341679e-10,0.00018837373826711306
16.36,16.345655073633736,0.014145990830589332,0.9996720599155474,1.0008775987442315,1.0014277524665476e-06,1.2477020241617372e-10,3.661560609735359e-10,0.00018890377613101347
16.37,16.355649688303263,0.014179616080333399,0.99967151794199,1.000877391725197,1.0014267950567378e-06,1.2453387251779577e-10,3.6598665900422623e-10,0.00018943442577336092
16.38,16.3656442931136,0.014213282385217487,0.9996709731573833,1.0008771855619787,1.0014258365445242e-06,1.2429683250489958e-10,3.6581728103263053e-10,0.00018996568684425424
16.39,16.375638888086343,0.014246989770204894,0.9996704255681266,1.00087698025169,1.00142487693054e-06,1.2405908374544333e-10,3.6564792656556384e-10,0.0001904975589946492
16.4,16.385633473243008,0.014280738260258665,0.9996698751805952,1.0008767757914547,1.0014239162154161e-06,1.238206276031501e-10,3.6547859511174704e-10,0.00019103004187635687
16.41,16.395628048605055,0.01431452788034168,0.9996693220011409,1.0008765721784088,1.0014229543997831e-06,1.2358146543496663e-10,3.6530928618286566e-10,0.00019156313514204516
16.42,16.405622614193867,0.01434835865541658,0.9996687660360913,1.0008763694096983,1.0014219914842687e-06,1.233415985944516e-10,3.6513999929124047e-10,0.00019209683844523758
16.43,16.415617170030764,0.014382230610445799,0.9996682072917507,1.0008761674824809,1.0014210274694996e-06,1.2310102842965795e-10,3.6497073395279213e-10,0.00019263115144031376
16.44,16.425611716137002,0.014416143770391599,0.9996676457743995,1.000875966393925,1.0014200623561007e-06,1.2285975628419167e-10,3.6480148968428836e-10,0.00019316607378248903
16.45,16.435606252533766,0.014450098160215983,0.9996670814902957,1.0008757661412102,1.0014190961446951e-06,1.2261778349657659e-10,3.646322660052497e-10,0.0001937016051278198
16.46,16.445600779242184,0.014484093804880799,0.9996665144456732,1.0008755667215266,1.0014181288359056e-06,1.2237511139961904e-10,3.6446306243667906e-10,0.00019423774513321779
16.47,16.455595296283306,0.014518130729347638,0.9996659446467432,1.0008753681320752,1.0014171604303525e-06,1.2213174132210197e-10,3.6429387850127333e-10,0.00019477449345642428
16.48,16.46558980367813,0.01455220895857793,0.9996653720996939,1.0008751703700678,1.001416190928654e-06,1.2188767458857315e-10,3.641247137240588e-10,0.00019531184975601166
16.490000000000002,16.47558430144758,0.01458632851753286,0.9996647968106908,1.0008749734327271,1.0014152203314285e-06,1.2164291251807462e-10,3.639555676328146e-10,0.00019584981369138212
16.5,16.485578789612514,0.014620489431173403,0.9996642187858763,1.0008747773172861,1.001414248639292e-06,1.21397456423931e-10,3.637864397551081e-10,0.00019638838492276822
16.509999999999998,16.49557326819373,0.014654691724460355,0.9996636380313705,1.000874582020989,1.0014132758528593e-06,1.2115130761713748e-10,3.636173296225301e-10,0.00019692756311123316
16.52,16.505567737211962,0.014688935422354303,0.9996630545532701,1.0008743875410901,1.0014123019727431e-06,1.2090446740170133e-10,3.634482367685772e-10,0.00019746734791867062
16.53,16.515562196687878,0.014723220549815594,0.9996624683576494,1.0008741938748544,1.0014113269995546e-06,1.206569370773946e-10,3.6327916072653423e-10,0.00019800773900780416
16.54,16.52555664664207,0.014757547131804374,0.9996618794505602,1.000874001019558,1.0014103509339052e-06,1.2040871794017768e-10,3.631101010334977e-10,0.0001985487360421675
16.55,16.535551087095094,0.014791915193280615,0.9996612878380324,1.0008738089724862,1.0014093737764017e-06,1.2015981128029351e-10,3.629410572278346e-10,0.00019909033868611167
16.560000000000002,16.545545518067414,0.01482632475920404,0.9996606935260732,1.0008736177309359,1.001408395527652e-06,1.199102183841734e-10,3.6277202885002965e-10,0.0001996325466048158
16.57,16.555539939579443,0.014860775854534169,0.9996600965206677,1.0008734272922133,1.0014074161882612e-06,1.1965994053316642e-10,3.626030154422615e-10,0.0002001753594642645
16.58,16.565534351651536,0.014895268504230329,0.9996594968277792,1.000873237653636,1.001406435758834e-06,1.1940897900375123e-10,3.624340165486146e-10,0.00020071877693124846
16.59,16.57552875430398,0.014929802733251644,0.9996588944533492,1.000873048812531,1.0014054542399726e-06,1.1915733506838307e-10,3.622650317155029e-10,0.0002012627986733637
16.6,16.585523147556998,0.014964378566557001,0.9996582894032972,1.000872860766236,1.001404471632279e-06,1.1890500999464675e-10,3.6209606048934025e-10,0.00020180742435901153
16.61,16.595517531430747,0.014998996029105078,0.9996576816835208,1.000872673512099,1.0014034879363533e-06,1.1865200504589192e-10,3.619271024214109e-10,0.00020235265365739865
16.62,16.605511905945335,0.015033655145854382,0.9996570712998959,1.0008724870474772,1.0014025031527928e-06,1.1839832148017424e-10,3.617581570621521e-10,0.00020289848623853798
16.63,16.615506271120786,0.015068355941763157,0.9996564582582763,1.0008723013697394,1.0014015172821955e-06,1.18143960551526e-10,3.6158922396475405e-10,0.00020344492177324709
16.64,16.62550062697709,0.015103098441789491,0.9996558425644949,1.0008721164762633,1.001400530325156e-06,1.1788892350953258e-10,3.614203026853714e-10,0.0002039919599331304
16.65,16.63549497353415,0.015137882670891207,0.9996552242243631,1.0008719323644366,1.0013995422822677e-06,1.1763321159933238e-10,3.6125139278015896e-10,0.0002045396003905839
16.66,16.64548931081183,0.015172708654025974,0.9996546032436707,1.0008717490316579,1.0013985531541248e-06,1.1737682606055813e-10,3.6108249380760075e-10,0.0002050878428188083
16.67,16.65548363882991,0.015207576416151208,0.9996539796281864,1.0008715664753347,1.0013975629413165e-06,1.1711976813072496e-10,3.6091360532872197e-10,0.00020563668689178532
16.68,16.665477957608122,0.015242485982224115,0.9996533533836578,1.0008713846928854,1.0013965716444347e-06,1.1686203904014824e-10,3.607447269056066e-10,0.00020618613228427828
16.69,16.675472267166143,0.015277437377201728,0.9996527245158119,1.000871203681737,1.0013955792640666e-06,1.1660364001681397e-10,3.6057585810245613e-10,0.00020673617867183257
16.7,16.685466567523576,0.015312430626040823,0.9996520930303543,1.0008710234393272,1.0013945858007991e-06,1.1634457228320246e-10,3.604069984847427e-10,0.00020728682573077452
16.71,16.69546085869998,0.01534746575369801,0.99965145893297,1.0008708439631029,1.0013935912552178e-06,1.1608483705861763e-10,3.6023814762047954e-10,0.00020783807313821273
16.72,16.705455140714836,0.01538254278512964,0.9996508222293228,1.0008706652505213,1.0013925956279076e-06,1.1582443555558716e-10,3.600693050787386e-10,0.00020838992057203658
16.73,16.715449413587578,0.015417661745291904,0.9996501829250557,1.0008704872990488,1.0013915989194503e-06,1.155633689855799e-10,3.5990047043113294e-10,0.00020894236771091786
16.740000000000002,16.725443677337573,0.015452822659140742,0.9996495410257913,1.000870310106162,1.001390601130428e-06,1.1530163855286496e-10,3.597316432503345e-10,0.00020949541423429053
16.75,16.73543793198413,0.015488025551631885,0.9996488965371318,1.000870133669346,1.0013896022614194e-06,1.1503924545874681e-10,3.5956282311070916e-10,0.00021004905982235738
16.759999999999998,16.745432177546505,0.015523270447720876,0.9996482494646587,1.0008699579860965,1.0013886023130035e-06,1.1477619090093005e-10,3.593940095881052e-10,0.00021060330415610172
16.77,16.75542641404389,0.015558557372363049,0.999647599813933,1.0008697830539184,1.0013876012857577e-06,1.145124760707665e-10,3.592252022615473e-10,0.0002111581469172653
16.78,16.765420641495414,0.015593886350513494,0.9996469475904962,1.0008696088703257,1.0013865991802576e-06,1.1424810215749043e-10,3.5905640071006e-10,0.00021171358778834806
16.79,16.775414859920158,0.0156292574071271,0.9996462927998693,1.0008694354328422,1.0013855959970774e-06,1.1398307034483038e-10,3.5888760451563257e-10,0.0002122696264526083
16.8,16.78540906933714,0.01566467056715857,0.999645635447553,1.0008692627390008,1.001384591736791e-06,1.1371738181291501e-10,3.587188132606778e-10,0.00021282626259406346
16.810000000000002,16.795403269765316,0.01570012585556236,0.9996449755390284,1.000869090786344,1.0013835863999688e-06,1.134510377376378e-10,3.585500265309965e-10,0.00021338349589748888
16.82,16.805397461223585,0.015735623297292726,0.9996443130797562,1.0008689195724236,1.0013825799871827e-06,1.1318403929023356e-10,3.5838124391196614e-10,0.00021394132604841837
16.83,16.81539164373079,0.015771162917303717,0.999643648075177,1.0008687490948005,1.0013815724990004e-06,1.129163876379137e-10,3.5821246499235216e-10,0.00021449975273314455
16.84,16.82538581730573,0.01580674474054919,0.9996429805307122,1.0008685793510446,1.0013805639359898e-06,1.1264808394428972e-10,3.5804368936155536e-10,0.00021505877563870052
16.85,16.83537998196712,0.015842368791982742,0.9996423104517633,1.0008684103387355,1.001379554298717e-06,1.1237912936831446e-10,3.5787491661130585e-10,0.00021561839445286511
16.86,16.845374137733632,0.015878035096557778,0.9996416378437122,1.0008682420554618,1.001378543587747e-06,1.1210952506470557e-10,3.5770614633502783e-10,0.0002161786088641742
16.87,16.855368284623886,0.01591374367922752,0.999640962711921,1.0008680744988208,1.001377531803643e-06,1.118392721847926e-10,3.5753737812720426e-10,0.0002167394185619005
16.88,16.865362422656435,0.015949494564944915,0.9996402850617331,1.0008679076664193,1.0013765189469674e-06,1.1156837187503464e-10,3.573686115840122e-10,0.00021730082323605213
16.89,16.875356551849787,0.015985287778662767,0.9996396048984721,1.0008677415558729,1.0013755050182811e-06,1.1129682527850265e-10,3.5719984630374625e-10,0.0002178628225773742
16.9,16.885350672222383,0.0160211233453336,0.9996389222274427,1.0008675761648063,1.0013744900181437e-06,1.1102463353403243e-10,3.570310818863951e-10,0.0002184254162773472
16.91,16.895344783792616,0.01605700128990979,0.9996382370539302,1.000867411490853,1.0013734739471138e-06,1.1075179777601285e-10,3.568623179319475e-10,0.00021898860402818872
16.92,16.905338886578818,0.016092921637343445,0.9996375493832006,1.0008672475316553,1.0013724568057482e-06,1.1047831913544466e-10,3.56693554044839e-10,0.00021955238552285184
16.93,16.915332980599263,0.016128884412586475,0.9996368592205007,1.000867084284865,1.0013714385946017e-06,1.1020419873866991e-10,3.565247898286582e-10,0.0002201167604550259
16.94,16.92532706587218,0.0161648896405906,0.9996361665710586,1.0008669217481418,1.0013704193142285e-06,1.0992943770906605e-10,3.56356024889323e-10,0.00022068172851911954
16.95,16.93532114241573,0.01620093734630729,0.9996354714400837,1.0008667599191552,1.0013693989651828e-06,1.0965403716429306e-10,3.561872588346572e-10,0.000221247289410265
16.96,16.94531521024803,0.01623702755468784,0.9996347738327661,1.0008665987955827,1.0013683775480153e-06,1.0937799821989333e-10,3.560184912739668e-10,0.0002218134428243301
16.97,16.95530926938713,0.01627316029068328,0.9996340737542777,1.000866438375111,1.0013673550632762e-06,1.0910132198717409e-10,3.5584972181825193e-10,0.00022238018845789655
16.98,16.96530331985104,0.016309335579244487,0.9996333712097716,1.0008662786554348,1.0013663315115147e-06,1.0882400957278388e-10,3.55680950079148e-10,0.0002229475260082617
16.990000000000002,16.975297361657702,0.01634555344532208,0.9996326662043824,1.000866119634258,1.0013653068932786e-06,1.0854606207892432e-10,3.5551217567210205e-10,0.00022351545517343681
17.0,16.985291394825015,0.016381813913866457,0.9996319587432266,1.000865961309293,1.0013642812091142e-06,1.0826748060631473e-10,3.5534339821044353e-10,0.00022408397565214802
17.009999999999998,16.995285419370816,0.016418117009827832,0.9996312488314019,1.0008658036782607,1.0013632544595672e-06,1.0798826624953343e-10,3.551746173121606e-10,0.0002246530871438365
17.02,17.005279435312897,0.01645446275815621,0.9996305364739874,1.0008656467388906,1.0013622266451806e-06,1.0770842010019414e-10,3.550058325956649e-10,0.00022522278934865815
17.03,17.01527344266898,0.016490851183801346,0.9996298216760441,1.000865490488921,1.0013611977664981e-06,1.0742794324609892e-10,3.548370436816974e-10,0.0002257930819674832
17.04,17.025267441456744,0.016527282311712785,0.999629104442615,1.000865334926098,1.0013601678240609e-06,1.0714683677081466e-10,3.5466825019036387e-10,0.0002263639647018796
17.05,17.035261431693822,0.016563756166839895,0.9996283847787248,1.000865180048177,1.0013591368184082e-06,1.0686510175494365e-10,3.544994517464287e-10,0.0002269354372541193
17.060000000000002,17.045255413397783,0.01660027277413179,0.9996276626893803,1.0008650258529204,1.0013581047500783e-06,1.0658273927442949e-10,3.5433064797423277e-10,0.00022750749932718705
17.07,17.055249386586137,0.016636832158537364,0.9996269381795702,1.0008648723381004,1.00135707161961e-06,1.0629975040161589e-10,3.5416183849769346e-10,0.00022808015062476144
17.08,17.065243351276358,0.01667343434500533,0.9996262112542654,1.000864719501497,1.001356037427539e-06,1.0601613620545843e-10,3.5399302294686913e-10,0.00022865339085121554
17.09,17.075237307485864,0.01671007935848418,0.9996254819184197,1.000864567340898,1.0013550021743997e-06,1.0573189775110105e-10,3.538242009505476e-10,0.0002292272197116163
17.1,17.085231255232014,0.016746767223922158,0.9996247501769684,1.0008644158541,1.0013539658607263e-06,1.0544703609987601e-10,3.5365537213794016e-10,0.0002298016369117243
17.11,17.09522519453211,0.016783497966267307,0.9996240160348294,1.000864265038908,1.0013529284870526e-06,1.0516155230951573e-10,3.534865361420698e-10,0.00023037664215799406
17.12,17.105219125403416,0.01682027161046748,0.999623279496903,1.0008641148931343,1.0013518900539082e-06,1.0487544743394093e-10,3.5331769259659483e-10,0.00023095223515757465
17.13,17.115213047863133,0.01685708818147027,0.9996225405680715,1.0008639654146,1.0013508505618235e-06,1.0458872252283721e-10,3.5314884113559694e-10,0.0002315284156183083
17.14,17.12520696192842,0.0168939477042231,0.9996217992532004,1.0008638166011345,1.0013498100113266e-06,1.0430137862313728e-10,3.529799813963343e-10,0.00023210518324871574
17.15,17.135200867616366,0.016930850203673124,0.9996210555571374,1.0008636684505754,1.001348768402947e-06,1.0401341677796222e-10,3.5281111301648856e-10,0.0002326825377579998
17.16,17.145194764944037,0.01696779570476734,0.9996203094847133,1.000863520960767,1.0013477257372088e-06,1.037248380264097e-10,3.5264223563543546e-10,0.00023326047885605686
17.17,17.155188653928423,0.017004784232452483,0.9996195610407411,1.0008633741295632,1.0013466820146382e-06,1.0343564340418925e-10,3.5247334889339773e-10,0.00023383900625345653
17.18,17.16518253458647,0.01704181581167507,0.9996188102300174,1.000863227954825,1.0013456372357586e-06,1.0314583394341052e-10,3.52304452433351e-10,0.00023441811966144242
17.19,17.175176406935087,0.017078890467381445,0.9996180570573214,1.0008630824344213,1.0013445914010925e-06,1.0285541067279502e-10,3.5213554589848264e-10,0.00023499781879193275
17.2,17.18517027099111,0.01711600822451768,0.9996173015274156,1.0008629375662295,1.0013435445111618e-06,1.0256437461682911e-10,3.5196662893388584e-10,0.00023557810335751874
17.21,17.195164126771346,0.017153169108029685,0.9996165436450452,1.0008627933481342,1.0013424965664866e-06,1.0227272679724627e-10,3.517977011857126e-10,0.00023615897307146646
17.22,17.205157974292533,0.01719037314286309,0.9996157834149384,1.0008626497780284,1.0013414475675857e-06,1.0198046823196836e-10,3.51628762302656e-10,0.00023674042764771502
17.23,17.21515181357137,0.01722762035396338,0.9996150208418066,1.0008625068538126,1.001340397514977e-06,1.0168759993552908e-10,3.514598119334091e-10,0.0002373224668008784
17.240000000000002,17.225145644624508,0.017264910766275756,0.9996142559303448,1.000862364573395,1.0013393464091765e-06,1.0139412291737994e-10,3.5129084972835905e-10,0.00023790509024622806
17.25,17.23513946746853,0.01730224440474523,0.9996134886852311,1.0008622229346922,1.0013382942507008e-06,1.0110003818612544e-10,3.5112187533979887e-10,0.0002384882976996988
17.259999999999998,17.245133282119998,0.017339621294316605,0.999612719111127,1.0008620819356273,1.0013372410400623e-06,1.0080534674507609e-10,3.5095288842171557e-10,0.0002390720888778985
17.27,17.2551270885954,0.01737704145993447,0.9996119472126774,1.0008619415741324,1.0013361867777751e-06,1.0051004959436605e-10,3.5078388862788444e-10,0.00023965646349808975
17.28,17.26512088691119,0.017414504926543166,0.9996111729945111,1.0008618018481463,1.001335131464351e-06,1.0021414773137661e-10,3.506148756148336e-10,0.0002402414212781892
17.29,17.275114677083767,0.01745201171908682,0.9996103964612403,1.0008616627556157,1.0013340751002996e-06,9.991764214925391e-11,3.504458490409971e-10,0.00024082696193676817
17.3,17.28510845912948,0.01748956186250938,0.9996096176174611,1.0008615242944952,1.001333017686132e-06,9.962053383775594e-11,3.5027680856396173e-10,0.00024141308519305324
17.310000000000002,17.295102233064632,0.017527155381754537,0.9996088364677534,1.000861386462746,1.0013319592223547e-06,9.932282378452312e-11,3.501077538449144e-10,0.00024199979076692488
17.32,17.305095998905475,0.01756479230176576,0.9996080530166804,1.000861249258338,1.0013308997094759e-06,9.90245129714784e-11,3.499386845448302e-10,0.00024258707837891824
17.33,17.31508975666821,0.01760247264748633,0.9996072672687892,1.0008611126792482,1.0013298391480014e-06,9.872560237885065e-11,3.497696003272252e-10,0.00024317494775022343
17.34,17.32508350636901,0.017640196443859304,0.9996064792286111,1.0008609767234604,1.0013287775384357e-06,9.842609298284534e-11,3.4960050085498036e-10,0.00024376339860267005
17.35,17.335077248023964,0.017677963715827496,0.9996056889006616,1.0008608413889668,1.001327714881282e-06,9.81259857573386e-11,3.49431385795847e-10,0.0002443524306587316
17.36,17.34507098164914,0.017715774488333506,0.9996048962894395,1.0008607066737665,1.0013266511770433e-06,9.782528167112438e-11,3.492622548150353e-10,0.00024494204364153483
17.37,17.355064707260556,0.017753628786319742,0.9996041013994286,1.0008605725758657,1.0013255864262197e-06,9.75239816904555e-11,3.490931075817789e-10,0.00024553223727484324
17.38,17.36505842487417,0.017791526634728355,0.9996033042350965,1.0008604390932785,1.0013245206293123e-06,9.722208677946721e-11,3.4892394376509975e-10,0.0002461230112830554
17.39,17.37505213450591,0.017829468058501316,0.9996025048008952,1.000860306224026,1.00132345378682e-06,9.691959789678906e-11,3.48754763036349e-10,0.0002467143653912066
17.4,17.38504583617164,0.017867453082580333,0.9996017031012614,1.0008601739661362,1.0013223858992394e-06,9.661651599978002e-11,3.485855650673014e-10,0.0002473062993249672
17.41,17.395039529887185,0.017905481731906942,0.9996008991406157,1.0008600423176452,1.001321316967069e-06,9.631284204092866e-11,3.484163495307905e-10,0.0002478988128106444
17.42,17.405033215668325,0.01794355403142242,0.999600092923363,1.0008599112765957,1.001320246990803e-06,9.600857697039418e-11,3.4824711610282613e-10,0.00024849190557518064
17.43,17.415026893530786,0.017981670006067825,0.9995992844538931,1.0008597808410375,1.0013191759709366e-06,9.570372173431239e-11,3.480778644581477e-10,0.0002490855773461544
17.44,17.425020563490257,0.018019829680784038,0.9995984737365801,1.0008596510090284,1.0013181039079623e-06,9.539827727754852e-11,3.479085942757297e-10,0.00024967982785176586
17.45,17.435014225562366,0.01805803308051166,0.9995976607757829,1.0008595217786322,1.001317030802373e-06,9.509224453840334e-11,3.4773930523242905e-10,0.0002502746568208406
17.46,17.44500787976272,0.018096280230191133,0.9995968455758449,1.0008593931479202,1.001315956654658e-06,9.478562445475407e-11,3.475699970091261e-10,0.0002508700639828397
17.47,17.455001526106848,0.018134571154762615,0.9995960281410946,1.000859265114971,1.001314881465308e-06,9.447841796045453e-11,3.4740066928648946e-10,0.00025146604906784115
17.48,17.46499516461026,0.018172905879166104,0.9995952084758452,1.0008591376778704,1.001313805234812e-06,9.417062598575867e-11,3.4723132174730524e-10,0.000252062611806542
17.490000000000002,17.47498879528841,0.01821128442834134,0.9995943865843948,1.0008590108347102,1.0013127279636564e-06,9.386224945859108e-11,3.4706195407520666e-10,0.00025265975193025636
17.5,17.484982418156697,0.01824970682722783,0.9995935624710268,1.0008588845835904,1.00131164965233e-06,9.355328930221766e-11,3.468925659542504e-10,0.0002532574691709162
17.509999999999998,17.49497603323049,0.018288173100764898,0.9995927361400093,1.000858758922617,1.001310570301316e-06,9.324374643842202e-11,3.467231570712461e-10,0.000253855763261072
17.52,17.504969640525108,0.018326683273891642,0.9995919075955954,1.0008586338499037,1.0013094899110998e-06,9.293362178559964e-11,3.4655372711363853e-10,0.00025445463393389197
17.53,17.51496324005582,0.018365237371546914,0.9995910768420231,1.0008585093635705,1.0013084084821642e-06,9.262291625727555e-11,3.463842757692961e-10,0.00025505408092316184
17.54,17.524956831837848,0.018403835418669346,0.9995902438835159,1.0008583854617445,1.0013073260149916e-06,9.231163076612774e-11,3.4621480272883996e-10,0.00025565410396327106
17.55,17.534950415886385,0.018442477440197384,0.9995894087242826,1.0008582621425597,1.001306242510062e-06,9.199976622017555e-11,3.460453076826796e-10,0.00025625470278921813
17.560000000000002,17.54494399221656,0.018481163461069216,0.9995885713685172,1.0008581394041567,1.001305157967856e-06,9.168732352510894e-11,3.458757903233421e-10,0.0002568558771366175
17.57,17.554937560843467,0.01851989350622281,0.9995877318203991,1.0008580172446828,1.0013040723888517e-06,9.137430358344153e-11,3.457062503444133e-10,0.0002574576267416843
17.58,17.56493112178216,0.01855866760059593,0.999586890084093,1.0008578956622922,1.0013029857735268e-06,9.106070729408703e-11,3.455366874394789e-10,0.00025805995134123446
17.59,17.574924675047637,0.01859748576912613,0.9995860461637497,1.0008577746551464,1.0013018981223587e-06,9.074653555405332e-11,3.4536710130593654e-10,0.00025866285067268436
17.6,17.584918220654867,0.018636348036750707,0.999585200063505,1.0008576542214123,1.0013008094358217e-06,9.043178925611314e-11,3.451974916403366e-10,0.00025926632447405046
17.61,17.594911758618757,0.018675254428406736,0.9995843517874807,1.0008575343592645,1.0012997197143916e-06,9.011646929070988e-11,3.4502785814028827e-10,0.00025987037248394976
17.62,17.604905288954185,0.018714204969031114,0.9995835013397839,1.000857415066884,1.001298628958541e-06,8.980057654511054e-11,3.448582005061537e-10,0.0002604749944416002
17.63,17.614898811675978,0.018753199683560456,0.9995826487245072,1.0008572963424582,1.001297537168742e-06,8.9484111903194e-11,3.446885184372362e-10,0.0002610801900868196
17.64,17.624892326798925,0.018792238596931216,0.9995817939457294,1.0008571781841813,1.001296444345466e-06,8.916707624629805e-11,3.4451881163643895e-10,0.0002616859591600132
17.65,17.634885834337762,0.018831321734079566,0.999580937007515,1.0008570605902538,1.0012953504891826e-06,8.884947045321937e-11,3.4434907980602986e-10,0.00026229230140217667
17.66,17.6448793343072,0.01887044911994151,0.9995800779139145,1.000856943558883,1.0012942556003611e-06,8.853129539809595e-11,3.441793226506062e-10,0.00026289921655490593
17.67,17.65487282672188,0.01890962077945279,0.999579216668964,1.0008568270882827,1.0012931596794692e-06,8.821255195421878e-11,3.440095398754005e-10,0.0002635067043603799
17.68,17.66486631159642,0.01894883673754892,0.9995783532766861,1.000856711176673,1.0012920627269748e-06,8.789324099022014e-11,3.4383973118628056e-10,0.0002641147645613612
17.69,17.674859788945398,0.01898809701916524,0.9995774877410893,1.0008565958222804,1.0012909647433427e-06,8.757336337282648e-11,3.436698962908083e-10,0.00026472339690119666
17.7,17.684853258783335,0.019027401649236806,0.9995766200661685,1.000856481023338,1.0012898657290383e-06,8.725291996579966e-11,3.4350003489823957e-10,0.00026533260112381583
17.71,17.69484672112472,0.019066750652698503,0.9995757502559045,1.0008563667780852,1.0012887656845253e-06,8.693191162972516e-11,3.4333014671846567e-10,0.00026594237697373296
17.72,17.704840175983993,0.019106144054484946,0.9995748783142642,1.0008562530847678,1.0012876646102667e-06,8.661033922201207e-11,3.4316023146201306e-10,0.0002665527241960449
17.73,17.714833623375558,0.01914558187953057,0.9995740042452005,1.000856139941638,1.0012865625067233e-06,8.628820359774015e-11,3.429902888411023e-10,0.000267163642536433
17.740000000000002,17.72482706331377,0.019185064152769556,0.9995731280526531,1.0008560273469542,1.0012854593743559e-06,8.596550560838927e-11,3.428203185692245e-10,0.00026777513174114863
17.75,17.73482049581295,0.019224590899135856,0.9995722497405483,1.000855915298981,1.0012843552136246e-06,8.564224610310997e-11,3.426503203600825e-10,0.00026838719155701746
17.759999999999998,17.744813920887367,0.01926416214356322,0.9995713693127982,1.00085580379599,1.0012832500249882e-06,8.531842592851167e-11,3.424802939299203e-10,0.00026899982173144837
17.77,17.754807338551267,0.01930377791098519,0.999570486773302,1.0008556928362577,1.0012821438089027e-06,8.499404592760392e-11,3.423102389945583e-10,0.00026961302201241775
17.78,17.764800748818832,0.01934343822633504,0.999569602125945,1.0008555824180678,1.0012810365658253e-06,8.466910694085515e-11,3.421401552723581e-10,0.00027022679214846877
17.79,17.774794151704214,0.019383143114545816,0.9995687153745997,1.0008554725397103,1.0012799282962122e-06,8.434360980682799e-11,3.419700424816812e-10,0.0002708411318887119
17.8,17.78478754722153,0.0194228926005504,0.9995678265231249,1.0008553631994803,1.0012788190005167e-06,8.401755535900285e-11,3.4179990034258323e-10,0.00027145604098282585
17.810000000000002,17.794780935384843,0.0194626867092814,0.9995669355753662,1.0008552543956806,1.001277708679194e-06,8.369094443043664e-11,3.4162972857575507e-10,0.0002720715191810558
17.82,17.804774316208178,0.019502525465671185,0.999566042535156,1.0008551461266184,1.0012765973326946e-06,8.336377785037461e-11,3.414595269035817e-10,0.0002726875662342146
17.83,17.814767689705526,0.019542408894651947,0.9995651474063131,1.0008550383906085,1.0012754849614705e-06,8.303605644509741e-11,3.4128929504908327e-10,0.00027330418189368255
17.84,17.824761055890836,0.01958233702115564,0.9995642501926435,1.0008549311859711,1.0012743715659727e-06,8.270778103876809e-11,3.411190327367624e-10,0.0002739213659113948
17.85,17.83475441477801,0.019622309870113975,0.9995633508979402,1.000854824511032,1.0012732571466495e-06,8.237895245194982e-11,3.4094873969133333e-10,0.00027453911803984474
17.86,17.844747766380912,0.019662327466458424,0.999562449525983,1.000854718364124,1.0012721417039503e-06,8.204957150308818e-11,3.4077841563962796e-10,0.00027515743803209193
17.87,17.854741110713377,0.019702389835120286,0.9995615460805388,1.000854612743585,1.0012710252383209e-06,8.171963900766415e-11,3.406080603086899e-10,0.00027577632564174847
17.88,17.86473444778918,0.019742497001030576,0.9995606405653619,1.000854507647759,1.0012699077502089e-06,8.138915577840583e-11,3.4043767342704513e-10,0.0002763957806229771
17.89,17.874727777622073,0.01978264898912014,0.9995597329841932,1.0008544030749966,1.001268789240059e-06,8.1058122625712e-11,3.402672547244901e-10,0.0002770158027304931
17.9,17.884721100225754,0.01982284582431954,0.9995588233407613,1.000854299023654,1.001267669708316e-06,8.072654035722858e-11,3.4009680393209187e-10,0.00027763639171956254
17.91,17.8947144156139,0.019863087531559166,0.999557911638782,1.0008541954920924,1.001266549155423e-06,8.039440977678983e-11,3.3992632078007043e-10,0.00027825754734600393
17.92,17.904707723800136,0.019903374135769144,0.999556997881958,1.0008540924786802,1.0012654275818228e-06,8.006173168695947e-11,3.397558050016104e-10,0.00027887926936618685
17.93,17.91470102479804,0.019943705661879373,0.9995560820739793,1.0008539899817912,1.0012643049879563e-06,7.972850688754835e-11,3.395852563315905e-10,0.0002795015575370325
17.94,17.924694318621167,0.01998408213481957,0.9995551642185234,1.0008538879998046,1.0012631813742636e-06,7.939473617434394e-11,3.394146745034071e-10,0.00028012441161600206
17.95,17.93468760528302,0.02002450357951916,0.9995542443192557,1.0008537865311058,1.001262056741185e-06,7.906042034186314e-11,3.392440592536329e-10,0.0002807478313610989
17.96,17.944680884797073,0.02006497002090741,0.9995533223798282,1.000853685574086,1.0012609310891575e-06,7.872556018165824e-11,3.39073410318629e-10,0.00028137181653087816
17.97,17.954674157176754,0.020105481483913296,0.9995523984038812,1.0008535851271418,1.0012598044186201e-06,7.839015648210515e-11,3.3890272743645034e-10,0.0002819963668844305
17.98,17.96466742243546,0.020146037993465624,0.9995514723950424,1.0008534851886761,1.0012586767300082e-06,7.805421002967396e-11,3.3873201034578733e-10,0.0002826214821813838
17.990000000000002,17.974660680586542,0.020186639574492935,0.999550544356927,1.0008533857570967,1.001257548023758e-06,7.771772160787015e-11,3.385612587863891e-10,0.0002832471621819018
18.0,17.98465393164331,0.020227286251923538,0.9995496142931382,1.000853286830818,1.0012564183003038e-06,7.738069199744635e-11,3.3839047249885176e-10,0.0002838734066466846
18.009999999999998,17.994647175619047,0.020267978050685545,0.9995486822072667,1.0008531884082592,1.0012552875600791e-06,7.704312197746109e-11,3.382196512258891e-10,0.0002845002153369693
18.02,18.004640412526992,0.02030871499570684,0.9995477481028908,1.0008530904878457,1.0012541558035163e-06,7.670501232294954e-11,3.380487947100031e-10,0.00028512758801452925
18.03,18.014633642380343,0.020349497111915048,0.9995468119835768,1.0008529930680083,1.0012530230310476e-06,7.636636380746452e-11,3.378779026947545e-10,0.000285755524441674
18.04,18.024626865192257,0.020390324424237577,0.9995458738528787,1.0008528961471834,1.0012518892431024e-06,7.602717720180603e-11,3.377069749251864e-10,0.0002863840243812374
18.05,18.034620080975866,0.02043119695760164,0.9995449337143388,1.0008527997238132,1.001250754440112e-06,7.568745327380942e-11,3.375360111469772e-10,0.00028701308759658236
18.060000000000002,18.044613289744255,0.020472114736934183,0.9995439915714869,1.0008527037963453,1.0012496186225045e-06,7.534719278898072e-11,3.3736501110749924e-10,0.0002876427138516067
18.07,18.054606491510466,0.020513077787161924,0.9995430474278412,1.0008526083632325,1.0012484817907076e-06,7.500639651092015e-11,3.371939745537015e-10,0.00028827290291072986
18.08,18.064599686287515,0.020554086133211375,0.9995421012869077,1.0008525134229336,1.001247343945148e-06,7.466506519899272e-11,3.3702290123507395e-10,0.00028890365453889354
18.09,18.07459287408838,0.020595139800008835,0.9995411531521808,1.0008524189739125,1.0012462050862524e-06,7.432319961256348e-11,3.368517909006831e-10,0.00028953496850156105
18.1,18.084586054925996,0.020636238812480327,0.9995402030271431,1.000852325014639,1.0012450652144456e-06,7.398080050655055e-11,3.3668064330192476e-10,0.00029016684456471717
18.11,18.09457922881326,0.02067738319555166,0.9995392509152653,1.0008522315435877,1.0012439243301513e-06,7.363786863417797e-11,3.3650945818977125e-10,0.0002907992824948682
18.12,18.10457239576304,0.02071857297414845,0.9995382968200061,1.0008521385592388,1.0012427824337927e-06,7.329440474570518e-11,3.363382353173125e-10,0.000291432282059043
18.130000000000003,18.114565555788158,0.020759808173196045,0.9995373407448124,1.0008520460600787,1.001241639525792e-06,7.29504095899093e-11,3.3616697443848535e-10,0.00029206584302479146
18.14,18.1245587089014,0.020801088817619565,0.9995363826931198,1.000851954044598,1.0012404956065705e-06,7.260588391112053e-11,3.359956753068033e-10,0.00029269996516017346
18.15,18.134551855115525,0.02084241493234392,0.9995354226683524,1.000851862511293,1.001239350676548e-06,7.226082845345731e-11,3.3582433767832083e-10,0.0002933346482337635
18.16,18.144544994443248,0.0208837865422938,0.9995344606739222,1.0008517714586662,1.0012382047361446e-06,7.191524395807349e-11,3.356529613097277e-10,0.0002939698920146567
18.17,18.154538126897247,0.020925203672393644,0.99953349671323,1.0008516808852244,1.001237057785779e-06,7.156913116231123e-11,3.354815459579255e-10,0.0002946056962724553
18.18,18.16453125249016,0.020966666347567643,0.9995325307896652,1.00085159078948,1.0012359098258683e-06,7.122249080245393e-11,3.3531009138150985e-10,0.0002952420607772691
18.189999999999998,18.174524371234604,0.0210081745927398,0.9995315629066057,1.0008515011699501,1.0012347608568286e-06,7.08753236116086e-11,3.3513859733886454e-10,0.0002958789852997158
18.2,18.18451748314315,0.021049728432833884,0.9995305930674183,1.0008514120251584,1.001233610879076e-06,7.052763032203522e-11,3.3496706359197336e-10,0.00029651646961092055
18.21,18.19451058822833,0.021091327892773404,0.999529621275458,1.0008513233536325,1.0012324598930261e-06,7.017941166069983e-11,3.3479548989964365e-10,0.0002971545134825157
18.22,18.204503686502637,0.021132972997481646,0.9995286475340687,1.000851235153906,1.0012313078990929e-06,6.98306683547802e-11,3.346238760251297e-10,0.000297793116686641
18.23,18.21449677797855,0.021174663771881708,0.9995276718465828,1.000851147424517,1.001230154897687e-06,6.948140112870127e-11,3.3445222173168584e-10,0.00029843227899594435
18.240000000000002,18.224489862668488,0.0212164002408964,0.9995266942163217,1.0008510601640097,1.0012290008892237e-06,6.91316107026528e-11,3.342805267817193e-10,0.0002990720001835694
18.25,18.23448294058484,0.021258182429448325,0.9995257146465956,1.0008509733709325,1.0012278458741119e-06,6.878129779661279e-11,3.341087909412372e-10,0.00029971228002315965
18.259999999999998,18.244476011739966,0.021300010362459865,0.9995247331407036,1.0008508870438395,1.0012266898527627e-06,6.843046312801815e-11,3.3393701397582325e-10,0.0003003531182888657
18.27,18.254469076146197,0.021341884064853184,0.9995237497019336,1.0008508011812898,1.0012255328255851e-06,6.807910741007062e-11,3.337651956516963e-10,0.00030099451475533185
18.28,18.264462133815815,0.02138380356155018,0.9995227643335627,1.0008507157818471,1.0012243747929882e-06,6.772723135554843e-11,3.335933357357105e-10,0.00030163646919769587
18.29,18.27445518476107,0.02142576887747252,0.9995217770388569,1.0008506308440808,1.0012232157553788e-06,6.73748356746887e-11,3.334214339968377e-10,0.00030227898139158904
18.3,18.284448228994183,0.021467780037541687,0.9995207878210713,1.0008505463665651,1.0012220557131646e-06,6.702192107391692e-11,3.332494902040496e-10,0.0003029220511131373
18.310000000000002,18.294441266527336,0.021509837066678885,0.9995197966834501,1.000850462347879,1.0012208946667511e-06,6.666848825902328e-11,3.3307750412758853e-10,0.0003035656781389594
18.32,18.304434297372676,0.02155193998980509,0.9995188036292266,1.0008503787866068,1.0012197326165422e-06,6.631453793346865e-11,3.3290547553812033e-10,0.00030420986224616797
18.33,18.314427321542315,0.02159408883184108,0.9995178086616229,1.0008502956813379,1.0012185695629433e-06,6.596007079753751e-11,3.3273340420821664e-10,0.00030485460321236994
18.34,18.324420339048338,0.021636283617707395,0.9995168117838507,1.000850213030666,1.001217405506357e-06,6.56050875487615e-11,3.325612899096021e-10,0.00030549990081565496
18.35,18.33441334990279,0.02167852437232431,0.9995158129991109,1.0008501308331905,1.0012162404471858e-06,6.524958888403698e-11,3.323891324165424e-10,0.00030614575483459876
18.36,18.34440635411767,0.02172081112061188,0.9995148123105936,1.0008500490875154,1.0012150743858308e-06,6.489357549750744e-11,3.3221693150330325e-10,0.00030679216504827
18.37,18.35439935170497,0.02176314388748997,0.9995138097214782,1.0008499677922493,1.0012139073226922e-06,6.453704807950474e-11,3.3204468694499745e-10,0.0003074391312362183
18.380000000000003,18.364392342676627,0.021805522697878155,0.9995128052349338,1.000849886946006,1.00121273925817e-06,6.418000732057249e-11,3.318723985184318e-10,0.00030808665317847323
18.39,18.374385327044546,0.021847947576695798,0.9995117988541189,1.0008498065474045,1.0012115701926634e-06,6.382245390701914e-11,3.3170006599977783e-10,0.00030873473065554466
18.4,18.384378304820604,0.021890418548862048,0.9995107905821811,1.0008497265950678,1.0012104001265697e-06,6.346438852388257e-11,3.315276891677482e-10,0.00030938336344842336
18.41,18.39437127601665,0.021932935639295822,0.999509780422258,1.0008496470876245,1.0012092290602867e-06,6.31058118540831e-11,3.3135526780105553e-10,0.0003100325513385806
18.42,18.404364240644487,0.021975498872915774,0.9995087683774763,1.0008495680237073,1.0012080569942098e-06,6.27467245777882e-11,3.3118280167820073e-10,0.00031068229410796753
18.43,18.414357198715887,0.022018108274640333,0.9995077544509521,1.0008494894019544,1.001206883928735e-06,6.238712737304773e-11,3.310102905806493e-10,0.0003113325915390158
18.439999999999998,18.424350150242592,0.022060763869387715,0.9995067386457916,1.0008494112210085,1.0012057098642564e-06,6.202702091642927e-11,3.3083773428965494e-10,0.00031198344341462744
18.45,18.434343095236315,0.022103465682075916,0.9995057209650907,1.0008493334795168,1.001204534801168e-06,6.166640588111224e-11,3.3066513258689495e-10,0.00031263484951817787
18.46,18.44433603370873,0.022146213737622652,0.9995047014119345,1.0008492561761315,1.001203358739862e-06,6.130528293921729e-11,3.3049248525574064e-10,0.00031328680963352154
18.47,18.454328965671476,0.022189008060945422,0.9995036799893982,1.0008491793095091,1.00120218168073e-06,6.094365276032396e-11,3.303197920791398e-10,0.0003139393235449807
18.48,18.464321891136162,0.02223184867696153,0.9995026567005467,1.0008491028783117,1.0012010036241644e-06,6.058151601104719e-11,3.3014705284279315e-10,0.0003145923910373455
18.490000000000002,18.47431481011437,0.022274735610587997,0.999501631548435,1.000849026881205,1.001199824570554e-06,6.02188733569431e-11,3.29974267330919e-10,0.00031524601189587327
18.5,18.48430772261764,0.02231766888674162,0.9995006045361077,1.00084895131686,1.0011986445202893e-06,5.985572546145027e-11,3.2980143533112383e-10,0.0003159001859062886
18.509999999999998,18.494300628657484,0.022360648530338985,0.9994995756665994,1.0008488761839518,1.0011974634737583e-06,5.949207298525439e-11,3.2962855662910833e-10,0.00031655491285478436
18.52,18.504293528245384,0.02240367456629645,0.9994985449429346,1.0008488014811612,1.0011962814313494e-06,5.912791658692357e-11,3.2945563101374954e-10,0.00031721019252802077
18.53,18.514286421392786,0.022446747019530103,0.9994975123681273,1.0008487272071722,1.0011950983934481e-06,5.876325692354362e-11,3.2928265827307744e-10,0.0003178660247131252
18.54,18.524279308111097,0.022489865914955803,0.9994964779451823,1.0008486533606744,1.0011939143604415e-06,5.839809464860046e-11,3.291096381968161e-10,0.0003185224091976825
18.55,18.53427218841171,0.02253303127748922,0.9994954416770938,1.0008485799403617,1.0011927293327146e-06,5.803243041579177e-11,3.289365705755367e-10,0.0003191793457697387
18.560000000000002,18.544265062305968,0.02257624313204574,0.9994944035668466,1.0008485069449324,1.001191543310652e-06,5.766626487458006e-11,3.2876345519959847e-10,0.0003198368342178061
18.57,18.55425792980519,0.022619501503540522,0.9994933636174151,1.0008484343730892,1.0011903562946364e-06,5.729959867358081e-11,3.2859029186169017e-10,0.00032049487433085197
18.58,18.564250790920664,0.02266280641688851,0.9994923218317646,1.0008483622235398,1.0011891682850515e-06,5.693243245908016e-11,3.2841708035301815e-10,0.00032115346589829924
18.59,18.574243645663646,0.02270615789700443,0.99949127821285,1.0008482904949958,1.0011879792822783e-06,5.656476687482315e-11,3.2824382046902397e-10,0.0003218126087100257
18.6,18.584236494045363,0.022749555968802723,0.9994902327636168,1.0008482191861736,1.001186789286698e-06,5.619660256370778e-11,3.280705120030316e-10,0.000322472302556364
18.61,18.594229336077,0.022793000657197606,0.9994891854870007,1.0008481482957943,1.0011855982986923e-06,5.582794016376163e-11,3.278971547496355e-10,0.00032313254722810165
18.62,18.60422217176972,0.02283649198710311,0.9994881363859276,1.0008480778225828,1.0011844063186392e-06,5.5458780315341595e-11,3.2772374850491254e-10,0.00032379334251648204
18.630000000000003,18.614215001134657,0.022880029983432984,0.9994870854633134,1.0008480077652688,1.0011832133469174e-06,5.508912365202833e-11,3.275502930655748e-10,0.000324454688213203
18.64,18.624207824182896,0.02292361467110073,0.999486032722065,1.0008479381225868,1.001182019383905e-06,5.471897080994357e-11,3.2737678822939315e-10,0.00032511658411040747
18.65,18.634200640925513,0.02296724607501966,0.9994849781650795,1.000847868893275,1.0011808244299789e-06,5.4348322419068076e-11,3.272032337935032e-10,0.0003257790300006874
18.66,18.644193451373546,0.023010924220102844,0.9994839217952444,1.000847800076076,1.0011796284855155e-06,5.3977179110017875e-11,3.2702962955736993e-10,0.00032644202567708907
18.67,18.654186255537997,0.023054649131263084,0.9994828636154376,1.0008477316697377,1.0011784315508902e-06,5.360554151044438e-11,3.2685597532088177e-10,0.0003271055709331012
18.68,18.664179053429837,0.02309842083341295,0.9994818036285278,1.0008476636730108,1.0011772336264767e-06,5.3233410245669667e-11,3.266822708835037e-10,0.00032776966556265555
18.689999999999998,18.674171845060012,0.02314223935146481,0.9994807418373742,1.0008475960846517,1.0011760347126498e-06,5.286078594038053e-11,3.26508516047877e-10,0.00032843430936012737
18.700000000000003,18.684164630439444,0.023186104710330804,0.9994796782448269,1.0008475289034202,1.0011748348097826e-06,5.2487669215452125e-11,3.263347106143137e-10,0.0003290995021203352
18.71,18.694157409579,0.02323001693492274,0.9994786128537261,1.000847462128081,1.0011736339182466e-06,5.211406069154784e-11,3.2616085438651387e-10,0.000329765243638539
18.72,18.704150182489535,0.023273976050152297,0.9994775456669028,1.0008473957574027,1.0011724320384138e-06,5.173996098636645e-11,3.259869471675424e-10,0.0003304315337104434
18.73,18.71414294918188,0.023317982080930888,0.9994764766871789,1.0008473297901581,1.0011712291706542e-06,5.136537071485388e-11,3.258129887619464e-10,0.0003310983721321956
18.740000000000002,18.72413570966682,0.02336203505216967,0.9994754059173667,1.0008472642251247,1.0011700253153383e-06,5.099029049216781e-11,3.25638978973426e-10,0.0003317657587003759
18.75,18.734128463955113,0.023406134988779557,0.9994743333602697,1.0008471990610839,1.0011688204728346e-06,5.061472092965426e-11,3.254649176097047e-10,0.00033243369321200113
18.759999999999998,18.744121212057493,0.023450281915671257,0.999473259018682,1.000847134296821,1.0011676146435113e-06,5.0238662637176957e-11,3.2529080447490615e-10,0.00033310217546453087
18.77,18.754113953984668,0.023494475857755246,0.9994721828953884,1.000847069931126,1.0011664078277357e-06,4.9862116223117317e-11,3.251166393780244e-10,0.00033377120525585616
18.78,18.764106689747305,0.023538716839941725,0.999471104993165,1.0008470059627927,1.0011652000258745e-06,4.948508229352741e-11,3.249424221255125e-10,0.0003344407823842986
18.79,18.774099419356038,0.02358300488714066,0.9994700253147788,1.0008469423906197,1.0011639912382947e-06,4.9107561452341734e-11,3.2476815252657617e-10,0.0003351109066486114
18.8,18.78409214282149,0.023627340024261832,0.9994689438629875,1.0008468792134089,1.0011627814653608e-06,4.872955430243598e-11,3.245938303904213e-10,0.00033578157784797954
18.810000000000002,18.794084860154243,0.02367172227621473,0.9994678606405397,1.0008468164299662,1.001161570707436e-06,4.8351061443933e-11,3.2441945552752426e-10,0.0003364527957820188
18.82,18.80407757136484,0.023716151667908615,0.9994667756501754,1.000846754039103,1.001160358964886e-06,4.797208347526157e-11,3.242450277475144e-10,0.0003371245602507761
18.83,18.814070276463813,0.02376062822425253,0.9994656888946253,1.0008466920396335,1.001159146238072e-06,4.7592620992944635e-11,3.240705468627739e-10,0.0003377968710547303
18.84,18.82406297546166,0.02380515197015529,0.9994646003766111,1.000846630430376,1.0011579325273558e-06,4.721267459202285e-11,3.238960126854732e-10,0.0003384697279947823
18.85,18.834055668368844,0.02384972293052543,0.9994635100988462,1.0008465692101534,1.001156717833099e-06,4.683224486520751e-11,3.23721425027571e-10,0.0003391431308722576
18.86,18.844048355195792,0.02389434113027127,0.9994624180640345,1.0008465083777929,1.0011555021556633e-06,4.6451332403515865e-11,3.235467837035671e-10,0.0003398170794889123
18.87,18.85404103595292,0.023939006594300906,0.9994613242748713,1.0008464479321248,1.0011542854954073e-06,4.606993779521229e-11,3.2337208852753775e-10,0.0003404915736469233
18.880000000000003,18.864033710650606,0.02398371934752218,0.9994602287340437,1.0008463878719842,1.0011530678526896e-06,4.5688061628984685e-11,3.231973393148298e-10,0.0003411666131488867
18.89,18.874026379299195,0.02402847941484267,0.9994591314442293,1.0008463281962097,1.0011518492278696e-06,4.5305704489074025e-11,3.230225358797312e-10,0.00034184219779781857
18.9,18.884019041909013,0.024073286821169763,0.9994580324080974,1.0008462689036437,1.0011506296213033e-06,4.4922866959721286e-11,3.228476780399182e-10,0.00034251832739715544
18.91,18.894011698490356,0.024118141591410604,0.9994569316283086,1.0008462099931335,1.0011494090333488e-06,4.453954962199107e-11,3.226727656120081e-10,0.00034319500175075386
18.92,18.90400434905348,0.024163043750472065,0.9994558291075147,1.0008461514635296,1.0011481874643617e-06,4.41557530563127e-11,3.224977984138888e-10,0.00034387222066289004
18.93,18.91399699360862,0.024207993323260783,0.9994547248483588,1.0008460933136865,1.0011469649146966e-06,4.3771477840362654e-11,3.2232277626387183e-10,0.0003445499839382599
18.939999999999998,18.923989632165988,0.024252990334683183,0.9994536188534756,1.0008460355424629,1.0011457413847084e-06,4.338672455033509e-11,3.2214769898132734e-10,0.0003452282913819711
18.950000000000003,18.933982264735764,0.02429803480964547,0.9994525111254912,1.0008459781487211,1.0011445168747508e-06,4.300149376115362e-11,3.219725663860491e-10,0.0003459071427995456
18.96,18.943974891328093,0.024343126773053517,0.9994514016670232,1.0008459211313272,1.001143291385176e-06,4.261578604435372e-11,3.2179737829804257e-10,0.0003465865379969229
18.97,18.9539675119531,0.024388266249813044,0.9994502904806806,1.0008458644891518,1.001142064916337e-06,4.22296019718944e-11,3.216221345387956e-10,0.00034726647678045327
18.98,18.96396012662088,0.024433453264829524,0.999449177569064,1.000845808221069,1.0011408374685852e-06,4.184294211213476e-11,3.214468349302195e-10,0.00034794695895689563
18.990000000000002,18.973952735341502,0.02447868784300816,0.9994480629347661,1.0008457523259564,1.0011396090422714e-06,4.145580703258688e-11,3.212714792946491e-10,0.00034862798433341746
19.0,18.983945338125,0.024523970009253906,0.9994469465803705,1.0008456968026955,1.0011383796377445e-06,4.1068197298221726e-11,3.2109606745568976e-10,0.00034930955271759534
19.009999999999998,18.993937934981385,0.024569299788471513,0.9994458285084529,1.0008456416501725,1.0011371492553555e-06,4.068011347337501e-11,3.2092059923673517e-10,0.00034999166391741526
19.02,19.00393052592065,0.024614677205565493,0.9994447087215803,1.0008455868672763,1.001135917895452e-06,4.029155611920605e-11,3.207450744624495e-10,0.00035067431774127224
19.03,19.013923110952746,0.024660102285440088,0.9994435872223115,1.0008455324529,1.0011346855583812e-06,3.990252579687418e-11,3.205694929579204e-10,0.00035135751399797
19.04,19.02391569008759,0.024705575052999293,0.9994424640131971,1.0008454784059408,1.0011334522444914e-06,3.951302306393883e-11,3.2039385454908263e-10,0.00035204125249671243
19.05,19.0339082633351,0.024751095533146916,0.9994413390967796,1.0008454247252991,1.0011322179541277e-06,3.9123048477535935e-11,3.2021815906271796e-10,0.00035272553304710745
19.060000000000002,19.043900830705145,0.024796663750786478,0.999440212475593,1.0008453714098795,1.001130982687637e-06,3.873260259141327e-11,3.2004240632497286e-10,0.00035341035545917064
19.07,19.053893392207563,0.024842279730821256,0.9994390841521633,1.00084531845859,1.0011297464453627e-06,3.8341685960377426e-11,3.198665961643232e-10,0.0003540957195433159
19.08,19.063885947852178,0.024887943498154316,0.9994379541290085,1.0008452658703424,1.0011285092276503e-06,3.795029913436454e-11,3.196907284094565e-10,0.0003547816251103561
19.09,19.073878497648792,0.024933655077688487,0.9994368224086383,1.0008452136440522,1.0011272710348416e-06,3.7558442664581296e-11,3.1951480288927213e-10,0.0003554680719715025
19.1,19.08387104160716,0.02497941449432632,0.9994356889935545,1.000845161778639,1.0011260318672818e-06,3.716611709799923e-11,3.193388194328812e-10,0.0003561550599383642
19.11,19.093863579737025,0.02502522177297014,0.9994345538862508,1.000845110273025,1.0011247917253106e-06,3.6773322980742827e-11,3.1916277787087716e-10,0.0003568425888229488
19.12,19.1038561120481,0.025071076938522053,0.9994334170892127,1.0008450591261373,1.001123550609271e-06,3.638006085808955e-11,3.189866780347004e-10,0.000357530658437663
19.130000000000003,19.113848638550067,0.025116980015883902,0.9994322786049176,1.000845008336906,1.0011223085195019e-06,3.598633127298752e-11,3.188105197555796e-10,0.0003582192685953112
19.14,19.123841159252585,0.02516293102995727,0.9994311384358352,1.0008449579042649,1.0011210654563442e-06,3.559213476647903e-11,3.1863430286686107e-10,0.0003589084191090878
19.15,19.133833674165285,0.02520893000564354,0.9994299965844273,1.0008449078271513,1.0011198214201369e-06,3.519747187748879e-11,3.1845802719934994e-10,0.0003595981097925804
19.16,19.14382618329778,0.02525497696784385,0.9994288530531475,1.0008448581045064,1.0011185764112185e-06,3.4802343144306247e-11,3.1828169258766305e-10,0.00036028834045977436
19.17,19.15381868665964,0.025301071941459065,0.9994277078444419,1.0008448087352748,1.0011173304299262e-06,3.440674910310325e-11,3.1810529886662897e-10,0.00036097911092504285
19.18,19.16381118426042,0.025347214951389807,0.9994265609607486,1.0008447597184047,1.0011160834765975e-06,3.401069028856934e-11,3.1792884586980573e-10,0.0003616704210031469
19.189999999999998,19.173803676109653,0.025393406022536487,0.9994254124044978,1.0008447110528478,1.0011148355515688e-06,3.3614167233488254e-11,3.1775233343329244e-10,0.00036236227050923635
19.200000000000003,19.18379616221684,0.025439645179799294,0.9994242621781121,1.0008446627375596,1.001113586655176e-06,3.3217180468737885e-11,3.175757613923412e-10,0.0003630546592588492
19.21,19.193788642591446,0.02548593244807807,0.9994231102840063,1.0008446147714987,1.0011123367877535e-06,3.2819730523925584e-11,3.173991295843217e-10,0.0003637475870679102
19.22,19.203781117242926,0.025532267852272524,0.9994219567245874,1.0008445671536275,1.001111085949636e-06,3.2421817927176394e-11,3.1722243784618007e-10,0.0003644410537527337
19.23,19.213773586180704,0.025578651417282095,0.9994208015022545,1.000844519882912,1.0011098341411563e-06,3.202344320492129e-11,3.170456860163448e-10,0.00036513505913002194
19.240000000000002,19.223766049414177,0.02562508316800595,0.9994196446193993,1.0008444729583212,1.0011085813626478e-06,3.1624606881050155e-11,3.16868873931762e-10,0.0003658296030168565
19.25,19.23375850695271,0.025671563129343013,0.9994184860784056,1.0008444263788285,1.0011073276144424e-06,3.122530947945286e-11,3.166920014329778e-10,0.00036652468523070184
19.259999999999998,19.243750958805656,0.025718091326192,0.9994173258816499,1.00084438014341,1.0011060728968718e-06,3.0825551521054673e-11,3.165150683588441e-10,0.00036722030558941014
19.27,19.253743404982334,0.025764667783451385,0.9994161640315008,1.0008443342510454,1.001104817210267e-06,3.0425333525298546e-11,3.163380745494835e-10,0.00036791646391121194
19.28,19.26373584549204,0.02581129252601936,0.9994150005303197,1.0008442887007178,1.0011035605549576e-06,3.002465601120392e-11,3.161610198465008e-10,0.00036861316001471535
19.29,19.273728280344034,0.025857965578793874,0.9994138353804605,1.0008442434914142,1.0011023029312737e-06,2.9623519494402097e-11,3.15983904090442e-10,0.0003693103937189065
19.3,19.283720709547577,0.02590468696667269,0.999412668584269,1.000844198622124,1.0011010443395425e-06,2.9221924490736146e-11,3.1580672712397085e-10,0.0003700081648431506
19.310000000000002,19.293713133111876,0.025951456714553272,0.9994115001440844,1.0008441540918411,1.0010997847800944e-06,2.8819871512872756e-11,3.156294887891156e-10,0.00037070647320719006
19.32,19.30370555104612,0.025998274847332838,0.9994103300622376,1.0008441098995626,1.0010985242532552e-06,2.8417361074113895e-11,3.1545218892959873e-10,0.00037140531863114556
19.33,19.313697963359488,0.026045141389908398,0.9994091583410524,1.0008440660442883,1.0010972627593524e-06,2.801439368289109e-11,3.1527482738914264e-10,0.00037210470093551644
19.34,19.323690370061122,0.026092056367176722,0.9994079849828451,1.0008440225250217,1.0010960002987108e-06,2.761096984805938e-11,3.1509740401146974e-10,0.00037280461994117215
19.35,19.33368277116014,0.026139019804034293,0.999406809989925,1.00084397934077,1.0010947368716566e-06,2.7207090077838538e-11,3.1491991864242005e-10,0.0003735050754693546
19.36,19.343675166665633,0.02618603172537736,0.9994056333645938,1.0008439364905433,1.0010934724785148e-06,2.6802754876636682e-11,3.147423711271983e-10,0.00037420606734168326
19.37,19.353667556586675,0.026233092156101975,0.9994044551091457,1.0008438939733553,1.0010922071196085e-06,2.6397964748861932e-11,3.1456476131185624e-10,0.00037490759538014667
19.380000000000003,19.36365994093231,0.02628020112110389,0.999403275225868,1.0008438517882228,1.001090940795262e-06,2.59927201974401e-11,3.1438708904244564e-10,0.00037560965940710124
19.39,19.373652319711546,0.026327358645278614,0.9994020937170406,1.000843809934166,1.001089673505797e-06,2.5587021722755902e-11,3.142093541677711e-10,0.00037631225924527175
19.4,19.38364469293339,0.02637456475352145,0.9994009105849362,1.0008437684102087,1.0010884052515368e-06,2.51808698239235e-11,3.1403155653430795e-10,0.00037701539471775205
19.41,19.393637060606817,0.026421819470727453,0.9993997258318202,1.0008437272153772,1.0010871360328022e-06,2.477426499878651e-11,3.1385369599001373e-10,0.00037771906564800433
19.42,19.403629422740767,0.026469122821791393,0.9993985394599509,1.0008436863487018,1.0010858658499132e-06,2.4367207744765027e-11,3.136757723860224e-10,0.00037842327185985886
19.43,19.413621779344158,0.02651647483160781,0.9993973514715793,1.0008436458092156,1.0010845947031907e-06,2.395969855504399e-11,3.1349778556944453e-10,0.00037912801317751437
19.439999999999998,19.423614130425893,0.026563875525071015,0.9993961618689491,1.0008436055959553,1.0010833225929539e-06,2.355173792365536e-11,3.133197353918376e-10,0.0003798332894255308
19.450000000000003,19.43360647599485,0.026611324927075103,0.9993949706542974,1.0008435657079606,1.001082049519521e-06,2.3143326342513524e-11,3.1314162170327675e-10,0.00038053910042883186
19.46,19.44359881605987,0.02665882306251382,0.999393777829854,1.0008435261442745,1.0010807754832106e-06,2.2734464301627042e-11,3.1296344435510773e-10,0.00038124544601270756
19.47,19.453591150629777,0.026706369956280764,0.9993925833978413,1.0008434869039433,1.0010795004843406e-06,2.2325152289310408e-11,3.1278520319867624e-10,0.0003819523260028084
19.48,19.463583479713385,0.026753965633269268,0.9993913873604754,1.0008434479860158,1.0010782245232258e-06,2.19153907934546e-11,3.126068980874456e-10,0.00038265974022514397
19.490000000000002,19.473575803319466,0.0268016101183724,0.999390189719965,1.000843409389545,1.0010769476001844e-06,2.1505180299621253e-11,3.1242852887297323e-10,0.0003833676885060822
19.5,19.48356812145677,0.02684930343648296,0.9993889904785117,1.0008433711135865,1.0010756697155315e-06,2.1094521291466182e-11,3.12250095408299e-10,0.0003840761706723503
19.509999999999998,19.49356043413403,0.02689704561249355,0.9993877896383104,1.000843333157199,1.0010743908695813e-06,2.0683414253068716e-11,3.1207159754921546e-10,0.00038478518655103494
19.52,19.503552741359957,0.026944836671296525,0.999386587201549,1.0008432955194446,1.0010731110626478e-06,2.0271859664696535e-11,3.1189303514876246e-10,0.00038549473596958205
19.53,19.513545043143232,0.026992676637783954,0.9993853831704084,1.0008432581993887,1.0010718302950458e-06,1.985985800661732e-11,3.117144080627326e-10,0.000386204818755796
19.54,19.52353733949251,0.02704056553684767,0.9993841775470624,1.000843221196099,1.0010705485670868e-06,1.9447409756981172e-11,3.11535716145648e-10,0.00038691543473783296
19.55,19.53352963041643,0.027088503393379298,0.9993829703336786,1.0008431845086472,1.001069265879084e-06,1.903451539266764e-11,3.1135695925414835e-10,0.0003876265837442039
19.560000000000002,19.54352191592361,0.02713649023227017,0.9993817615324172,1.0008431481361078,1.0010679822313484e-06,1.8621175389920994e-11,3.111781372459321e-10,0.0003883382656037777
19.57,19.55351419602263,0.027184526078411375,0.9993805511454319,1.000843112077558,1.0010666976241915e-06,1.820739022180914e-11,3.109992499763683e-10,0.000389050480145773
19.58,19.56350647072206,0.027232610956693784,0.9993793391748694,1.0008430763320788,1.0010654120579234e-06,1.779316036118822e-11,3.1082029730400255e-10,0.0003897632271997592
19.59,19.573498740030452,0.027280744892008022,0.9993781256228701,1.0008430408987536,1.0010641255328536e-06,1.7378486279432068e-11,3.106412790873803e-10,0.0003904765065956557
19.6,19.58349100395632,0.027328927909244433,0.9993769104915672,1.000843005776669,1.0010628380492913e-06,1.6963368446008695e-11,3.104621951848353e-10,0.0003911903181637312
19.61,19.593483262508155,0.027377160033293112,0.9993756937830877,1.0008429709649151,1.0010615496075458e-06,1.654780732953908e-11,3.1028304545533657e-10,0.0003919046617346045
19.62,19.60347551569444,0.027425441289043964,0.9993744754995512,1.0008429364625844,1.0010602602079238e-06,1.6131803396526618e-11,3.101038297589119e-10,0.0003926195371392453
19.630000000000003,19.613467763523627,0.027473771701386585,0.9993732556430711,1.0008429022687728,1.0010589698507332e-06,1.571535711283943e-11,3.0992454795643614e-10,0.0003933349442089724
19.64,19.62346000600413,0.027522151295210334,0.9993720342157542,1.0008428683825794,1.0010576785362805e-06,1.5298468942228055e-11,3.097451999083606e-10,0.0003940508827754476
19.65,19.633452243144372,0.027570580095404345,0.9993708112197005,1.0008428348031053,1.001056386264871e-06,1.488113934738424e-11,3.095657854757719e-10,0.0003947673526706781
19.66,19.643444474952734,0.027619058126857516,0.9993695866570036,1.0008428015294557,1.0010550930368107e-06,1.4463368789305667e-11,3.093863045203919e-10,0.0003954843537270209
19.67,19.65343670143757,0.027667585414458455,0.9993683605297504,1.0008427685607382,1.001053798852404e-06,1.4045157728142984e-11,3.0920675690478946e-10,0.0003962018857771735
19.68,19.663428922607217,0.027716161983095525,0.9993671328400214,1.0008427358960639,1.001052503711955e-06,1.3626506622988049e-11,3.090271424928041e-10,0.0003969199486541746
19.689999999999998,19.673421138469998,0.027764787857656865,0.9993659035898907,1.000842703534546,1.0010512076157677e-06,1.3207415929968104e-11,3.088474611465812e-10,0.00039763854219140464
19.700000000000003,19.68341334903421,0.0278134630630304,0.9993646727814257,1.0008426714753011,1.0010499105641447e-06,1.2787886104363358e-11,3.0866771272996017e-10,0.00039835766622258557
19.71,19.693405554308114,0.02786218762410369,0.9993634404166873,1.0008426397174488,1.0010486125573877e-06,1.236791760145402e-11,3.084878971086863e-10,0.0003990773205817789
19.72,19.70339775429996,0.02791096156576415,0.9993622064977302,1.0008426082601116,1.0010473135957992e-06,1.1947510873979201e-11,3.083080141459638e-10,0.00039979750510338893
19.73,19.71338994901798,0.02795978491289894,0.9993609710266024,1.000842577102415,1.0010460136796797e-06,1.1526666373407461e-11,3.0812806370859675e-10,0.0004005182196221609
19.740000000000002,19.723382138470374,0.02800865769039492,0.9993597340053456,1.0008425462434871,1.0010447128093307e-06,1.1105384549936812e-11,3.0794804566148334e-10,0.00040123946397317375
19.75,19.733374322665327,0.028057579923138717,0.9993584954359952,1.0008425156824587,1.0010434109850504e-06,1.0683665852282957e-11,3.0776795987163943e-10,0.000401961237991843
19.759999999999998,19.743366501610996,0.028106551636016733,0.9993572553205801,1.000842485418464,1.0010421082071386e-06,1.026151072810281e-11,3.0758780620502205e-10,0.0004026835415139254
19.77,19.75335867531553,0.028155572853915126,0.9993560136611231,1.0008424554506403,1.0010408044758945e-06,9.838919623147459e-12,3.0740758453097636e-10,0.00040340637437551017
19.78,19.763350843787038,0.028204643601719766,0.9993547704596407,1.0008424257781265,1.001039499791615e-06,9.415892983167992e-12,3.072272947154594e-10,0.00040412973641301876
19.79,19.77334300703361,0.028253763904316272,0.999353525718143,1.0008423964000657,1.0010381941545982e-06,8.992431250739124e-12,3.070469366276046e-10,0.00040485362746320536
19.8,19.78333516506333,0.02830293378659007,0.9993522794386338,1.000842367315603,1.0010368875651413e-06,8.568534868223812e-12,3.0686651013612183e-10,0.0004055780473631574
19.810000000000002,19.79332731788425,0.02835215327342628,0.9993510316231109,1.0008423385238867,1.0010355800235396e-06,8.144204276714463e-12,3.0668601511056803e-10,0.00040630299595029434
19.82,19.803319465504387,0.028401422389709777,0.9993497822735657,1.000842310024068,1.0010342715300903e-06,7.71943991539766e-12,3.065054514205001e-10,0.0004070284730623683
19.83,19.81331160793176,0.028450741160325213,0.9993485313919833,1.0008422818153002,1.0010329620850865e-06,7.294242222612954e-12,3.0632481893568676e-10,0.00040775447853746446
19.84,19.823303745174357,0.028500109610157,0.9993472789803428,1.0008422538967405,1.0010316516888239e-06,6.868611635005829e-12,3.06144117528226e-10,0.00040848101221399396
19.85,19.833295877240143,0.028549527764089255,0.999346025040617,1.0008422262675478,1.0010303403415954e-06,6.442548588374736e-12,3.0596334706852183e-10,0.00040920807393069554
19.86,19.843288004137055,0.028598995647005847,0.9993447695747728,1.0008421989268845,1.0010290280436951e-06,6.0160535166123026e-12,3.0578250742846046e-10,0.00040993566352664015
19.87,19.853280125873027,0.028648513283790453,0.9993435125847708,1.0008421718739153,1.001027714795415e-06,5.589126853187639e-12,3.056015984803517e-10,0.0004106637808412237
19.880000000000003,19.863272242455956,0.02869808069932644,0.9993422540725658,1.0008421451078082,1.0010264005970478e-06,5.161769029028758e-12,3.054206200962936e-10,0.00041139242571416586
19.89,19.87326435389372,0.028747697918496927,0.9993409940401062,1.0008421186277332,1.0010250854488841e-06,4.7339804754871874e-12,3.052395721505017e-10,0.00041212159798551055
19.9,19.883256460194186,0.02879736496618481,0.9993397324893348,1.0008420924328634,1.0010237693512156e-06,4.305761620102807e-12,3.0505845451528583e-10,0.00041285129749562665
19.91,19.89324856136519,0.028847081867272743,0.9993384694221881,1.000842066522375,1.001022452304333e-06,3.877112891897806e-12,3.048772670652851e-10,0.00041358152408520736
19.92,19.903240657414553,0.028896848646643093,0.9993372048405964,1.0008420408954462,1.001021134308525e-06,3.4480347171415133e-12,3.046960096759857e-10,0.0004143122775952697
19.93,19.913232748350065,0.02894666532917797,0.9993359387464844,1.0008420155512583,1.0010198153640817e-06,3.018527520620953e-12,3.0451468222075617e-10,0.00041504355786715506
19.939999999999998,19.923224834179504,0.02899653193975927,0.9993346711417704,1.0008419904889954,1.0010184954712905e-06,2.588591727334906e-12,3.04333284576565e-10,0.0004157753647425249
19.950000000000003,19.933216914910638,0.02904644850326866,0.9993334020283673,1.0008419657078438,1.00101717463044e-06,2.158227758682264e-12,3.0415181661805125e-10,0.0004165076980633588
19.96,19.943208990551184,0.029096415044587435,0.9993321314081819,1.0008419412069929,1.0010158528418175e-06,1.7274360366971924e-12,3.039702782223952e-10,0.00041724055767195656
19.97,19.953201061108864,0.029146431588596765,0.999330859283115,1.0008419169856348,1.0010145301057104e-06,1.2962169817197917e-12,3.0378866926635357e-10,0.00041797394341093713
19.98,19.963193126591378,0.029196498160177536,0.9993295856550617,1.000841893042964,1.0010132064224044e-06,8.645710123960959e-13,3.0360698962710655e-10,0.0004187078551232368
19.990000000000002,19.97318518700639,0.029246614784210343,0.999328310525911,1.0008418693781775,1.0010118817921861e-06,4.324985458898316e-13,3.034252391816226e-10,0.0004194422926521087
20.0,19.983177242361556,0.029296781485575542,0.9993270338975464,1.0008418459904755,1.0010105562153395e-06,0.0,3.032434178100466e-10,0.00042017725584112377
