r,m,rho,p_r,p_t,DEC_slack,circular_speed_squared
10.0,0.0,0.0,0.0,0.0,0.0,0.0
10.01,3.491606997999704e-11,1.1085275253996625e-11,0.0,1.93333789469918e-23,1.1085275253977291e-11,3.4881188791449177e-12
10.02,5.573164774399528e-10,8.823976431455496e-11,0.0,2.4539657995703576e-21,8.8239764312101e-11,5.562040693632227e-11
10.03,2.81463898625976e-09,2.963231247600562e-10,0.0,4.157739880100052e-20,2.963231247184788e-10,2.8062203268588833e-10
10.04,8.87427039231925e-09,6.988898532930862e-10,0.0,3.088713916103193e-19,6.988898529842147e-10,8.838914749010991e-10
10.05,2.1613592187501228e-08,1.3582049326789098e-09,0.0,1.4604819725492317e-18,1.358204931218428e-09,2.150606197061281e-09
10.06,4.4710076321281475e-08,2.335259322895811e-09,0.0,5.189345103614308e-18,2.335259317706466e-09,4.444341622136698e-09
10.07,8.263143095914136e-08,3.689785298015865e-09,0.0,1.513864171354336e-17,3.6897852828772233e-09,8.205703308365379e-09
10.08,1.4062579613696052e-07,5.480271630315099e-09,0.0,3.822755865887812e-17,5.48027159208754e-09,1.395097222824342e-08
10.09,2.2471198921061857e-07,7.76397862310058e-09,0.0,8.645486413753364e-17,7.763978536645715e-09,2.2270763054473094e-08
10.1,3.4166979999999505e-07,1.0596952993724626e-08,0.0,1.7924054727423612e-16,1.0596952814484078e-08,3.3828695358067545e-08
10.11,4.990303355265698e-07,1.4034042608242048e-08,0.0,3.463607162692e-16,1.4034042261881332e-08,4.936007762521484e-08
10.12,7.050664142438219e-07,1.8128911069151404e-08,0.0,6.315260920327599e-16,1.812891043762531e-08,6.967060400085255e-08
10.13,9.687830096596828e-07,2.2934052157647627e-08,0.0,1.0966497691333002e-15,2.293405106099786e-08,9.563506366820654e-08
10.14,1.299907743249941e-06,2.850080413179244e-08,0.0,1.8268454378051785e-15,2.8500802304947e-08,1.281960627747584e-07
10.15,1.708881426562516e-06,3.4879363882012997e-08,0.0,2.9361929644684706e-15,3.487936094582003e-08,1.6836275881640384e-07
10.16,2.2068486524108877e-06,4.211880094529565e-08,0.0,4.5743041085863954e-15,4.211879637099154e-08,2.1720960739255377e-07
10.17,2.8056484350565364e-06,5.0267071379455714e-08,0.0,6.933717205749088e-15,5.026706444573851e-08,2.758751212461889e-07
10.18,3.5178048992793376e-06,5.9371031498834745e-08,0.0,1.025814586574125e-14,5.937102124068888e-08,3.45560641503848e-07
10.19,4.356518018235175e-06,6.947645147276719e-08,0.0,1.4851603115272735e-14,6.947643662116408e-08,4.275291210315813e-07
10.2,5.335654399999924e-06,8.06280287881445e-08,0.0,2.108841895337477e-14,8.062800769972555e-08,5.231039198238615e-07
10.21,6.469738122699283e-06,9.286940157739457e-08,0.0,2.9424165978654853e-14,9.28693721532286e-08,6.336676123434183e-07
10.22,7.77394161812233e-06,1.0624316181316323e-07,0.0,4.040750458721042e-14,1.0624312140565865e-07,7.606608067306982e-07
10.23,9.264076603721125e-06,1.2079086837101982e-07,0.0,5.469295622375695e-14,1.2079081367806358e-07,9.055809758029507e-07
10.24,1.095658506289156e-05,1.365530599614192e-07,0.0,7.305461029207173e-14,1.3655298690680893e-07,1.0699812997630676e-06
10.25,1.2868530273437502e-05,1.5356926793221342e-07,0.0,9.640076759024915e-14,1.5356917153144584e-07,1.2554695205397625e-06
10.26,1.501758788411643e-05,1.7187802894295087e-07,0.0,1.2578952052729972e-13,1.7187790315343035e-07,1.4637068076810597e-06
10.27,1.7422037039165833e-05,1.915168975122029e-07,0.0,1.6244526789647623e-13,1.91516735066935e-07,1.6964066357238864e-06
10.28,2.0100751550709575e-05,2.125224584391399e-07,0.0,2.0777615962349243e-13,2.125222506629803e-07,1.955333672963258e-06
10.29,2.3073191118943555e-05,2.3493033910057313e-07,0.0,2.633924646707701e-13,2.3493007570810846e-07,2.242302681545208e-06
10.3,2.635939260000025e-05,2.587752216246627e-07,0.0,3.3112585315835006e-13,2.5877489049880953e-07,2.559177428808292e-06
10.31,2.9979961321387964e-05,2.840908549424569e-07,0.0,4.130495817544537e-13,2.840904418928751e-07,2.907869609798722e-06
10.32,3.395606244491276e-05,3.109100667185021e-07,0.0,5.114995694908303e-13,3.109095552189326e-07,3.2903377808859553e-06
10.33,3.830941237697049e-05,3.3926477516160186e-07,0.0,6.29096349365531e-13,3.392641460652525e-07,3.708586304404127e-06
10.34,4.3062270226117065e-05,3.691860007169435e-07,0.0,7.687678794068243e-13,3.691852319490641e-07,4.164664304247235e-06
10.35,4.8237429307812294e-05,4.007038776407051e-07,0.0,9.337731952818246e-13,4.007029438675098e-07,4.66066463234529e-06
10.36,5.385820869623774e-05,4.338476654582798e-07,0.0,1.1277268850399264e-12,4.3384653773139476e-07,5.198722845949587e-06
10.37,5.994844482308684e-05,4.686457603072334e-07,0.0,1.3546243651807046e-12,4.686444056828682e-07,5.781016195655516e-06
10.38,6.653248312322866e-05,5.051257061661106e-07,0.0,1.618867935925829e-12,5.051240872981746e-07,6.409762624092088e-06
10.39,7.363516972713683e-05,5.433142059701463e-07,0.0,1.9252935923512077e-12,5.43312280676554e-07,7.087219775206824e-06
10.4,8.128184320000027e-05,5.832371326150652e-07,0.0,2.2791985668979636e-12,5.832348534164984e-07,7.815684014077437e-06
10.41,8.94983263273925e-05,6.249195398499126e-07,0.0,2.6863695777221833e-12,6.249168534803349e-07,8.597489457178346e-06
10.42,9.8310917947415e-05,6.683856730600808e-07,0.0,3.1531117563666984e-12,6.683825199483245e-07,9.435007013034125e-06
10.43,0.00010774638482920756,7.136589799415413e-07,0.0,3.686278227335134e-12,7.136552936633139e-07,1.0330643433190157e-05
10.44,0.00011783195359772619,7.607621210673349e-07,0.0,4.293300311320222e-12,7.607578277670236e-07,1.1286840373431849e-05
10.45,0.0001285953027046867,8.097169803473494e-07,0.0,4.9822183230806635e-12,8.097119981290263e-07,1.2306073465183871e-05
10.46,0.00014006455444557663,8.605446753824203e-07,0.0,5.761712934272084e-12,8.60538913669486e-07,1.3390851397021583e-05
10.47,0.00015226826702262152,9.132655677137045e-07,0.0,6.641137070913457e-12,9.132589265766335e-07,1.4543715006225564e-05
10.48,0.00016523542665363512,9.678992729684725e-07,0.0,7.63054831461423e-12,9.678916424201578e-07,1.5767236380314506e-05
10.49,0.00017899543972661335,1.0244646709031248e-06,0.0,8.740741776184752e-12,1.0244559301613487e-06,1.70640179684855e-05
10.5,0.00019357812500000004,1.0829799153445539e-06,0.0,9.983283409818703e-12,1.082969932061144e-06,1.8436691702897346e-05
10.51,0.0002090137058485126,1.1434624440307628e-06,0.0,1.1370543735651855e-11,1.1434510734870272e-06,1.988791812972906e-05
10.52,0.00022533280255442872,1.205928988351723e-06,0.0,1.291573193817583e-11,1.2059160726197846e-06,2.1420385549947174e-05
10.53,0.00024256642464423213,1.2703955829914135e-06,0.0,1.4632930307711266e-11,1.2703809500611059e-06,2.3036809169715398e-05
10.54,0.00026074596327051874,1.3368775754719919e-06,0.0,1.653712899192197e-11,1.336861038343e-06,2.4739930260380715e-05
10.55,0.00027990318363906383,1.4053896356010416e-06,0.0,1.8644261024177456e-11,1.4053709913400175e-06,2.6532515327970075e-05
10.56,0.00030007021748093034,1.4759457648227457e-06,0.0,2.0971237595441466e-11,1.4759247935851502e-06,2.8417355292130286e-05
10.57,0.0003212795555695668,1.54855930547409e-06,0.0,2.353598353628923e-11,1.5485357694905538e-06,3.039726467445005e-05
10.58,0.00034356404028272917,1.6232429499467537e-06,0.0,2.6357472975604497e-11,1.6232165924737782e-06,3.2475080796092896e-05
10.59,0.00036695685820917326,1.7000087497557735e-06,0.0,2.945576514252194e-11,1.699979293990631e-06,3.465366298468006e-05
10.6,0.00039149153279999905,1.7788681245157916e-06,0.0,3.2852040278215255e-11,1.7788352724755134e-06,3.693589179035696e-05
10.61,0.00041720191706454807,1.8598318708257847e-06,0.0,3.6568635624213473e-11,1.8597953021901605e-06,3.932466821097825e-05
10.62,0.0004441221863107538,1.942910171063143e-06,0.0,4.0629081454044097e-11,1.942869541981689e-06,4.18229129263472e-05
10.63,0.0004722868309298491,2.0281126020879816e-06,0.0,4.5058137115153604e-11,2.0280675439508663e-06,4.443356554144516e-05
10.64,0.0005017306492252996,2.115448143858435e-06,0.0,4.988182704823427e-11,2.1153982620313868e-06,4.71595838385839e-05
10.65,0.0005324887402859385,2.2049251879580314e-06,0.0,5.512747675131972e-11,2.20487006048128e-06,5.000394303842387e-05
10.66,0.0005645964969030994,2.2965515460356626e-06,0.0,6.082374865622943e-11,2.2964907222870065e-06,5.296963506978468e-05
10.67,0.0005980895985317231,2.3903344581592008e-06,0.0,6.700067788524514e-11,2.3902674574813157e-06,5.605966784819094e-05
10.68,0.0006330040042953107,2.4862806010835243e-06,0.0,7.368970785618989e-11,2.486206911375668e-06,5.927706456308739e-05
10.69,0.0006693759460346165,2.584396096433742e-06,0.0,8.092372570441095e-11,2.5843151727080373e-06,6.262486297365884e-05
10.7,0.000707241921399997,2.6846865188044546e-06,0.0,8.873709749052553e-11,2.684597781706964e-06,6.610611471319338e-05
10.71,0.0007466386869873058,2.78715690377585e-06,0.0,9.716570316316174e-11,2.7870597380726867e-06,6.972388460192412e-05
10.72,0.0007876032515171968,2.8918117558473014e-06,0.0,1.0624697124631803e-10,2.891705508876055e-06,7.348124996828339e-05
10.73,0.0008301728690578497,2.9986550562895737e-06,0.0,1.1601991322141896e-10,2.9985390363763523e-06,7.73812999785162e-05
10.74,0.0008743850322908606,3.107690270915983e-06,0.0,1.2652515757452658e-10,3.1075637457584085e-06,8.142713497457624e-05
10.75,0.0009202774658203124,3.2189203577735925e-06,0.0,1.378049834796833e-10,3.218782552790113e-06,8.562186582025154e-05
10.76,0.0009678881195248837,3.3323477747550894e-06,0.0,1.499033540898065e-10,3.3321978714009994e-06,8.996861325545388e-05
10.77,0.0010172551619528909,3.4479744871320903e-06,0.0,1.6286594940705445e-10,3.4478116211826834e-06,9.447050725860847e-05
10.78,0.0010684169737601784,3.565801975010657e-06,0.0,1.7674019870509845e-10,3.565625234811952e-06,9.913068641708307e-05
10.79,0.0011214121411907423,3.6858312407097193e-06,0.0,1.915753124762498e-10,3.685639665397243e-06,0.00010395229730559302
10.8,0.0011762794496000038,3.8080628160631863e-06,0.0,2.0742231387693765e-10,3.8078553937493093e-06,0.00010893849387252121
10.81,0.0012330578770205732,3.932496769646326e-06,0.0,2.2433406964555978e-10,3.93227243557668e-06,0.00011409243683408571
10.82,0.0012917865877705467,4.059132713927468e-06,0.0,2.4236532046734955e-10,4.058890348607001e-06,0.0001194172930763063
10.83,0.0013525049261040377,4.187969812345271e-06,0.0,2.6157271076137295e-10,4.1877082396345095e-06,0.00012491623506468962
10.84,0.0014152524099040045,4.31900678631263e-06,0.0,2.82014817865459e-10,4.318724771494765e-06,0.0001305924402615863
10.85,0.0014800687244171848,4.452241922147755e-06,0.0,3.037521805953841e-10,4.4519381699671595e-06,0.00013644909055115066
10.86,0.0015469937160310818,4.58767307793314e-06,0.0,3.268473271552663e-10,4.5873462306059855e-06,0.00014248937167184503
10.87,0.001616067386092869,4.725297690303104e-06,0.0,3.513648023767147e-10,4.724946325500727e-06,0.0001487164726564249
10.88,0.0016873298847701458,4.865112781160606e-06,0.0,3.7737119426490926e-10,4.864735409966341e-06,0.00015513358527934672
10.89,0.0017608215049533628,5.007114964323853e-06,0.0,4.04935159830367e-10,5.0067100291640226e-06,0.00016174390351152975
10.9,0.001836582676200003,5.1513004521037485e-06,0.0,4.341274501858754e-10,5.1508663246535625e-06,0.00016855062298242818
10.91,0.001914653958720156,5.297665061812297e-06,0.0,4.650209348885364e-10,5.297200040877408e-06,0.0001755569404493291
10.92,0.001995076037403607,5.446204222203058e-06,0.0,4.976906255076755e-10,5.4457065315775506e-06,0.00018276605327383533
10.93,0.0020778897158882123,5.596912979844063e-06,0.0,5.322136983998841e-10,5.596380766145663e-06,0.00019018115890546232
10.94,0.00216313591066953,5.7497860054239285e-06,0.0,5.686695166731665e-10,5.749217335907255e-06,0.00019780545437229324
10.95,0.0022508556452515566,5.904817599991757e-06,0.0,6.071396513227735e-10,5.904210460340434e-06,0.00020564213577862965
10.96,0.0023410900443385117,6.0620017011314695e-06,0.0,6.477079015219696e-10,6.061353993229948e-06,0.00021369439780958004
10.97,0.0024338803280674736,6.221331889071055e-06,0.0,6.904603140515779e-10,6.220641428757004e-06,0.00022196543324251897
10.98,0.0025292678062819912,6.382801392727769e-06,0.0,7.354852018529315e-10,6.382065907525916e-06,0.0002304584324653764
10.99,0.002627293872846258,6.546403095689262e-06,0.0,7.828731616892567e-10,6.545620222527572e-06,0.00023917658300167018
11.0,0.0027280000000000004,6.712129542131754e-06,0.0,8.327170909014247e-10,6.711296825040853e-06,0.000248123069042245
11.01,0.0028314277327538538,6.879972942675612e-06,0.0,8.851122032444744e-10,6.8790878304723674e-06,0.0002573010709836471
11.02,0.0029376186833251767,7.049925180178995e-06,0.0,9.401560437920312e-10,7.048985024135203e-06,0.00026671376497308045
11.03,0.0030466145256141737,7.221977815470102e-06,0.0,9.979485028963502e-10,7.220979866967205e-06,0.000276364322459883
11.04,0.0031584569897202385,7.396122093018642e-06,0.0,1.058591829192378e-09,7.39506350118945e-06,0.00028625590975346534
11.05,0.003273187856498445,7.5723489465471e-06,0.0,1.1221906416348534e-09,7.571226755905465e-06,0.00029639168758765637
11.06,0.0033908489521559428,7.750649004582242e-06,0.0,1.1888519405580397e-09,7.749460152641685e-06,0.00030677481069138376
11.07,0.0035114821428884765,7.931012595947767e-06,0.0,1.2586851177485156e-09,7.929753910830018e-06,0.0003174084273656613
11.08,0.0036351293295565235,8.113429755198166e-06,0.0,1.3318019655217318e-09,8.112097953232644e-06,0.00032829567906678776
11.09,0.0037618324424012347,8.297890227994735e-06,0.0,1.4083166847939993e-09,8.296481911309941e-06,0.0003394396999957259
11.1,0.0038916334357999953,8.484383476424144e-06,0.0,1.4883458921420173e-09,8.482895130532002e-06,0.0003508436166935963
11.11,0.004024574283061465,8.672898684260053e-06,0.0,1.5720086258426597e-09,8.67132667563421e-06,0.0003625105476432252
11.120000000000001,0.004160696971260081,8.863424762168448e-06,0.0,1.659426350886444e-09,8.861765335817562e-06,0.0003744436028766973
11.13,0.004300043496109744,9.055950352856973e-06,0.0,1.750722962958527e-09,9.054199629894014e-06,0.0003866458835888402
11.14,0.004442655856876955,9.250463836169263e-06,0.0,1.846024791382017e-09,9.248617811377881e-06,0.00039912048175661636
11.15,0.004588576051332818,9.44695333412419e-06,0.0,1.945460601018455e-09,9.445007873523172e-06,0.000411870479764324
11.16,0.00473784607074419,9.64540671590097e-06,0.0,2.049161593121424e-09,9.643357554307848e-06,0.00042489895003458415
11.17,0.004890507894903691,9.845811602770512e-06,0.0,2.1572614051394974e-09,9.843654341365373e-06,0.0004382089546650407
11.18,0.005046603487198539,1.004815537297348e-05,0.0,2.2698961094654346e-09,1.0045885476864015e-05,0.0004518035450707248
11.19,0.005206174789718094,1.0252425166545631e-05,0.0,2.3872042111290777e-09,1.0250037962334502e-05,0.0004656857616320262
11.2,0.005369263718399988,1.0458607890090855e-05,0.0,2.5093266444319167e-09,1.0456098563446422e-05,0.0004798586333482128
11.21,0.0055359121582148185,1.0666690221502502e-05,0.0,2.636406768521956e-09,1.066405381473398e-05,0.0004943251774964537
11.22,0.005706161958389078,1.087665861463329e-05,0.0,2.7685903619078096e-09,1.0873890024271382e-05,0.0005090883992962674
11.23,0.005880054927666681,1.1088499303914688e-05,0.0,2.9060256159119854e-09,1.1085593278298775e-05,0.0005241512915793829
11.24,0.006057632829608434,1.1302198308925673e-05,0.0,3.0488631270631236e-09,1.129914944579861e-05,0.0005395168344649107
11.25,0.0062389373779296875,1.1517741438911818e-05,0.0,3.197255888428137e-09,1.151454418302339e-05,0.0005551879950398001
11.26,0.006424010231876047,1.1735114297254943e-05,0.0,3.351359279885406e-09,1.1731762937975058e-05,0.0005711677270445249
11.27,0.006612892991636909,1.1954302285893849e-05,0.0,3.5113310573406452e-09,1.1950790954836508e-05,0.0005874589705639346
11.28,0.006805627193796844,1.217529060969662e-05,0.0,3.6773313408877335e-09,1.2171613278355732e-05,0.0006040646517232271
11.29,0.007002254306824635,1.2398064280784843e-05,0.0,3.849522601917108e-09,1.2394214758182925e-05,0.0006209876823889834
11.3,0.007202815726600012,1.2622608122810448e-05,0.0,4.028069649175037e-09,1.2618580053161274e-05,0.000638230959875221
11.31,0.007407352771977665,1.2848906775185136e-05,0.0,4.21313961377708e-09,1.2844693635571358e-05,0.00065579736665439
11.32,0.0076159066803889825,1.3076944697263514e-05,0.0,4.404901933180386e-09,1.3072539795330335e-05,0.0006736897700733043
11.33,0.007828518603480805,1.330670617247977e-05,0.0,4.603528334118797e-09,1.330210264414565e-05,0.0006919110220739032
11.34,0.00804522960279149,1.3538175312438552e-05,0.0,4.809192814506117e-09,1.3533366119624046e-05,0.000710463958918828
11.35,0.008266080645464052,1.3771336060960592e-05,0.0,5.022071624312907e-09,1.376631398933628e-05,0.0007293514009217494
11.36,0.008491112599996324,1.4006172198083329e-05,0.0,5.2423432454226415e-09,1.4000929854837906e-05,0.0007485761521823969
11.370000000000001,0.008720366232027984,1.4242667344017017e-05,0.0,5.470188370473549e-09,1.4237197155646544e-05,0.0007681410003262398
11.38,0.008953882200164265,1.4480804963056674e-05,0.0,5.7057898806927045e-09,1.4475099173175981e-05,0.0007880487162487547
11.39,0.0091917010518367,1.4720568367450596e-05,0.0,5.949332822729909e-09,1.4714619034627866e-05,0.0008083020538642766
11.4,0.00943386321920001,1.496194072122524e-05,0.0,6.201004384498144e-09,1.4955739716840742e-05,0.0008289037498593086
11.41,0.009680409015065825,1.5204905043967535e-05,0.0,6.4609938700291855e-09,1.5198444050097505e-05,0.0008498565234503126
11.42,0.009931378628872594,1.544944421456453e-05,0.0,6.729492673352129e-09,1.5442714721891177e-05,0.0008711630761458835
11.43,0.01018681212269191,1.569554097490108e-05,0.0,7.006694251403794e-09,1.5688534280649676e-05,0.0008928260915132876
11.44,0.010446749427270934,1.5943177933515865e-05,0.0,7.292794095979764e-09,1.5935885139419885e-05,0.0009148482349492944
11.45,0.01071123033811092,1.6192337569215982e-05,0.0,7.587989704735458e-09,1.6184749579511247e-05,0.0009372321534552669
11.46,0.010980294511581853,1.6443002234650936e-05,0.0,7.892480551247134e-09,1.643510975409969e-05,0.000959980475416469
11.47,0.011253981461072635,1.669515415984569e-05,0.0,8.206468054142192e-09,1.668694769179155e-05,0.000983095810385502
11.48,0.011532330553177553,1.6948775455694026e-05,0.0,8.530155545310111e-09,1.6940245300148717e-05,0.001006580748869897
11.49,0.011815381003918008,1.7203848117411903e-05,0.0,8.863748237203682e-09,1.71949843691747e-05,0.0010304378621237352
11.5,0.012103171874999999,1.7460354027951444e-05,0.0,9.207453189242023e-09,1.74511465747622e-05,0.0010546697019433
11.51,0.01239574207010709,1.7718274961375953e-05,0.0,9.561479273326512e-09,1.7708713482102626e-05,0.001079278800466701
11.52,0.012693130331228724,1.7977592586196317e-05,0.0,9.926037138481187e-09,1.7967666549057837e-05,0.0011042676699774216
11.53,0.012995375235023811,1.8238288468668986e-05,0.0,1.0301339174629295e-08,1.8227987129494356e-05,0.0011296388027117411
11.54,0.013302515189219549,1.8500344076056254e-05,0.0,1.0687599475518361e-08,1.8489656476580736e-05,0.001155394670670001
11.55,0.013614588429045338,1.8763740779848812e-05,0.0,1.1085033800805881e-08,1.8752655746048007e-05,0.0011815377254316556
11.56,0.013931633013701362,1.9028459858950898e-05,0.0,1.1493859537317959e-08,1.901696599941358e-05,0.0012080703979740434
11.57,0.01425368682286269,1.9294482502829146e-05,0.0,1.1914295659494911e-08,1.9282568207169652e-05,0.0012349950984949112
11.58,0.014580787553217513,1.9561789814624324e-05,0.0,1.2346562689035262e-08,1.954944325193529e-05,0.0012623142162385384
11.59,0.014912972715040393,1.9830362814227146e-05,0.0,1.2790882653752712e-08,1.9817571931573394e-05,0.001290030119325501
11.6,0.015250279628799992,2.0100182441318306e-05,0.0,1.3247479045659126e-08,2.0086934962272646e-05,0.0013181451545859965
11.61,0.015592745421801278,2.0371229558372794e-05,0.0,1.3716576778287252e-08,2.0357512981594508e-05,0.0013466616473966925
11.620000000000001,0.015940407024862213,2.0643484953629326e-05,0.0,1.4198402143267459e-08,2.062928655148606e-05,0.0013755819015210647
11.63,0.01629330116902435,2.0916929344024565e-05,0.0,1.4693182766171891e-08,2.0902236161258393e-05,0.0014049081989531468
11.64,0.01665146438229822,2.1191543378093217e-05,0.0,1.520114756164166e-08,2.1176342230531574e-05,0.0014346427997647272
11.65,0.0170149329864422,2.146730763883371e-05,0.0,1.5722526687810164e-08,2.1451585112145897e-05,0.00146478794195585
11.66,0.01738374309377568,2.1744202646539984e-05,0.0,1.6257551500038176e-08,2.1727945095039945e-05,0.0014953458413086611
11.67,0.01775793060402595,2.2022208861599846e-05,0.0,1.6806454503975178e-08,2.2005402407095872e-05,0.001526318691244511
11.68,0.01813753120120897,2.2301306687260022e-05,0.0,1.736946930796213e-08,2.228393721795206e-05,0.0015577086626843005
11.69,0.018522580350543667,2.2581476472358204e-05,0.0,1.794683057479054e-08,2.2563529641783414e-05,0.0015895179039120055
11.7,0.018913113295399967,2.2862698514022715e-05,0.0,1.8538773972833684e-08,2.2844159740049882e-05,0.0016217485404413678
11.71,0.019309165054280247,2.3144953060339663e-05,0.0,1.9145536126564873e-08,2.31258075242131e-05,0.001654402674885693
11.72,0.019710770417833767,2.342822031298794e-05,0.0,1.9767354566478064e-08,2.340845295842146e-05,0.0016874823868306894
11.73,0.020117963945905225,2.371248042984304e-05,0.0,2.0404467678428195e-08,2.369207596216461e-05,0.0017209897327104097
11.74,0.020530779964615598,2.3997713527548943e-05,0.0,2.1057114652404573e-08,2.3976656412896537e-05,0.0017549267456861157
11.75,0.020949252563476555,2.4283899684059085e-05,0.0,2.17255354307551e-08,2.426217414862833e-05,0.0017892954355281418
11.76,0.021373415592537613,2.4571018941146583e-05,0.0,2.240997065587661e-08,2.4548608970490706e-05,0.0018240977885006565
11.77,0.021803302659566228,2.485905130688367e-05,0.0,2.3110661617387292e-08,2.483594064526628e-05,0.001859335767249313
11.78,0.0222389471272607,2.514797675809128e-05,0.0,2.382785019879807e-08,2.512414890789248e-05,0.0018950113106917462
11.79,0.02268038211049561,2.543777524275831e-05,0.0,2.4561778823698203e-08,2.541321346393461e-05,0.0019311263339108643
11.8,0.023127640473600032,2.57284266824314e-05,0.0,2.531269040147248e-08,2.5703113992029928e-05,0.0019676827280509304
11.81,0.02358075482766766,2.601991097457504e-05,0.0,2.6080828272564967e-08,2.5993830146302475e-05,0.0020046823602163323
11.82,0.02403975752790022,2.631220799490313e-05,0.0,2.6866436153308213e-08,2.628534155874982e-05,0.0020421270733731235
11.83,0.024504680670982267,2.6605297599681017e-05,0.0,2.766975808033143e-08,2.6577627841600686e-05,0.00208001868625316
11.84,0.024975556092488582,2.6899159627999415e-05,0.0,2.8491038354566495e-08,2.6870668589644848e-05,0.0021183589932608966
11.85,0.025452415364323428,2.7193773904019674e-05,0.0,2.9330521484867006e-08,2.716444338253481e-05,0.0021571497643827573
11.86,0.025935289792191958,2.7489120239191373e-05,0.0,3.018845213125822e-08,2.7458931787060115e-05,0.002196392745099088
11.870000000000001,0.026424210413103402,2.7785178434441887e-05,0.0,3.106507504783347e-08,2.7754113359394055e-05,0.002236089656298618
11.88,0.026919207992905612,2.8081928282338212e-05,0.0,3.196063502531347e-08,2.80499676473129e-05,0.0022762421941953837
11.89,0.027420313023852134,2.837934956922226e-05,0.0,3.2875376833287676e-08,2.834647419238897e-05,0.002316852030248178
11.9,0.02792755572220002,2.8677422077318344e-05,0.0,3.380954516215083e-08,2.8643612532156192e-05,0.0023579208110823605
11.91,0.028440966025839384,2.8976125586814343e-05,0.0,3.4763384564753965e-08,2.894136220224959e-05,0.002399450158414079
11.92,0.028960573591954395,2.9275439877916322e-05,0.0,3.573713939778582e-08,2.9239702738518536e-05,0.0024414416689768565
11.93,0.029486407794715324,2.9575344732876736e-05,0.0,3.673105376290107e-08,2.9538613679113837e-05,0.002483896914450492
11.94,0.03001849772300193,2.987581993799686e-05,0.0,3.774537144761267e-08,2.983807456654925e-05,0.002526817441392268
11.95,0.03055687217815777,3.017684528560333e-05,0.0,3.878033586596457e-08,3.0138064949737366e-05,0.0025702047711704153
11.96,0.031101559671775615,3.0478400575999202e-05,0.0,3.983618999900167e-08,3.04385643860002e-05,0.0026140603998998186
11.97,0.031652588423513095,3.0780465619389494e-05,0.0,4.0913176335052585e-08,3.073955244305444e-05,0.0026583857983798792
11.98,0.03220998635894031,3.108302023778229e-05,0.0,4.2011536809844995e-08,3.104100870097244e-05,0.002703182412034644
11.99,0.032773781107416855,3.138604426686444e-05,0.0,4.313151274646574e-08,3.1342912754117974e-05,0.00274845166085498
12.0,0.033344000000000006,3.168951755785295e-05,0.0,4.4273344795185484e-08,3.164524421305777e-05,0.0027941949393429084
12.01,0.03392067006738324,3.199341997932198e-05,0.0,4.5437272873163066e-08,3.194798270644882e-05,0.0028404136164580174
12.02,0.03450381803786506,3.229773141900584e-05,0.0,4.6623536104046515e-08,3.225110788290179e-05,0.002887109035565919
12.030000000000001,0.03509347033534825,3.2602431785578054e-05,0.0,4.78323727574869e-08,3.255459941282057e-05,0.002934282514388754
12.04,0.03568965307736845,3.2907501010406415e-05,0.0,4.906402018857983e-08,3.285843699021784e-05,0.0029819353449576256
12.05,0.03629239207315473,3.3212919049285636e-05,0.0,5.031871477725632e-08,3.316260033450838e-05,0.0030300687935671594
12.06,0.03690171282171717,3.3518665884145234e-05,0.0,5.1596691867629175e-08,3.34670691922776e-05,0.0030786841007317705
12.07,0.03751764050996719,3.382472152473594e-05,0.0,5.28981857073231e-08,3.377182333902862e-05,0.0031277824811440816
12.08,0.03814020001086571,3.4131066010292436e-05,0.0,5.4223429386794845e-08,3.407684258090564e-05,0.003177365123635074
12.09,0.03876941588160165,3.443767941117368e-05,0.0,5.5572654778664094e-08,3.4382106756395015e-05,0.0032274331911361564
12.1,0.03940531236179998,3.474454183048123e-05,0.0,5.694609247707067e-08,3.4687595738004157e-05,0.003277987820643075
12.11,0.04004791337175897,3.505163340565498e-05,0.0,5.834397173707209e-08,3.499328943391791e-05,0.0033290301231816083
12.120000000000001,0.040697242510717144,3.5358934310047334e-05,0.0,5.976652041409945e-08,3.529916778963324e-05,0.0033805611837750796
12.129999999999999,0.04135332305514856,3.5666424754475184e-05,0.0,6.121396490348398e-08,3.56052107895717e-05,0.003432582061413557
12.14,0.042016177957089076,3.597408498875133e-05,0.0,6.26865300800762e-08,3.591139845867126e-05,0.003485093789024935
12.15,0.042685829842489094,3.628189530319323e-05,0.0,6.418443923796295e-08,3.621771086395527e-05,0.0035380973734475203
12.16,0.0433623010095976,3.658983603011198e-05,0.0,6.570791403030902e-08,3.652412811608167e-05,0.0035915937954044954
12.17,0.04404561342737354,3.689788754527934e-05,0.0,6.72571744093294e-08,3.683063037087001e-05,0.0036455840094799237
12.18,0.04473578873392659,3.720603026937485e-05,0.0,6.883243856641311e-08,3.713719783080844e-05,0.003700068944096446
12.19,0.04543284823498632,3.751424466941185e-05,0.0,7.04339228724102e-08,3.744381074653944e-05,0.003755049501494573
12.2,0.046136812902399946,3.782251126014348e-05,0.0,7.206184181809881e-08,3.775044941832538e-05,0.003810526557713579
12.21,0.046847703372658575,3.8130810605448605e-05,0.0,7.371640795484627e-08,3.805709419749376e-05,0.003866500962573964
12.22,0.04756553994545124,3.843912331969736e-05,0.0,7.539783183547768e-08,3.836372548786188e-05,0.00392297353966143
12.23,0.048290342582248465,3.874743006909771e-05,0.0,7.710632195537089e-08,3.867032374714234e-05,0.0039799450863124775
12.24,0.04902213090491239,3.9055711573021797e-05,0.0,7.88420846937858e-08,3.897686948832801e-05,0.004037416373601392
12.25,0.049760924194335934,3.936394860531304e-05,0.0,8.06053242554473e-08,3.9283343281057595e-05,0.004095388146328786
12.26,0.05050674138910956,3.9672121995574405e-05,0.0,8.23962426123946e-08,3.958972575296201e-05,0.004153861123011583
12.27,0.051259601084215844,3.998021263043726e-05,0.0,8.421503944610995e-08,3.989599759099115e-05,0.0042128359958744374
12.280000000000001,0.0520195215297519,4.028820145481164e-05,0.0,8.606191208994191e-08,4.0202139542721696e-05,0.004272313430842592
12.29,0.0527865206296787,4.059606947311746e-05,0.0,8.793705547183457e-08,4.050813241764563e-05,0.004332294067536075
12.3,0.053560615940600055,4.09037977504983e-05,0.0,8.984066205738368e-08,4.081395708844092e-05,0.00439277851926545
12.31,0.05434182467056555,4.121136741401538e-05,0.0,9.177292179321903e-08,4.111959449222216e-05,0.0044537673730286565
12.32,0.05513016367790427,4.151875965382483e-05,0.0,9.373402205074325e-08,4.1425025631774085e-05,0.004515261189509461
12.33,0.055925649470083445,4.1825955724336e-05,0.0,9.572414757022649e-08,4.1730231576765775e-05,0.004577260503077059
12.34,0.056728298202595256,4.2132936945352706e-05,0.0,9.774348040527845e-08,4.2035193464947424e-05,0.0046397658217870626
12.35,0.057538125677870276,4.2439684703196394e-05,0.0,9.979219986770606e-08,4.233989250332869e-05,0.004702777627383744
12.36,0.05835514734421798,4.274618045181208e-05,0.0,1.0187048247277206e-07,4.264430996933931e-05,0.004766296375303567
12.370000000000001,0.05917937829479412,4.305240571385709e-05,0.0,1.0397850188486604e-07,4.294842721197222e-05,0.004830322494679963
12.379999999999999,0.060010833266594,4.3358342081772204e-05,0.0,1.0611642886359844e-07,4.325222565290861e-05,0.0048948563883492975
12.39,0.06084952663947467,4.366397121883692e-05,0.0,1.0828443121033766e-07,4.3555686787626585e-05,0.004959898432858213
12.4,0.061695472435200044,4.396927486020659e-05,0.0,1.1048267371518789e-07,4.38587921864914e-05,0.0050254489784719095
12.41,0.06254868431651586,4.4274234813933925e-05,0.0,1.1271131810443596e-07,4.416152349582949e-05,0.005091508349183874
12.42,0.06340917558624899,4.4578832961973775e-05,0.0,1.1497052298846754e-07,4.446386243898531e-05,0.00515807684272662
12.43,0.06427695918643342,4.488305126117137e-05,0.0,1.1726044381016848e-07,4.4765790817361204e-05,0.005225154730583626
12.44,0.06515204769746251,4.518687174423474e-05,0.0,1.195812327938232e-07,4.506729051144091e-05,0.005292742258002412
12.45,0.06603445333726714,4.549027652069094e-05,0.0,1.2193303889452012e-07,4.536834348179642e-05,0.005360839644008746
12.46,0.06692418796051974,4.5793247777826435e-05,0.0,1.2431600774807558e-07,4.566893177007836e-05,0.005429447081421933
12.47,0.06782126305786386,4.60957677816119e-05,0.0,1.267302816214875e-07,4.596903749999041e-05,0.005498564736871205
12.48,0.06872568975517032,4.639781887761162e-05,0.0,1.2917599936393106e-07,4.6268642878247684e-05,0.005568192750813227
12.49,0.06963747881281782,4.6699383491876975e-05,0.0,1.3165329635830236e-07,4.656773019551867e-05,0.005638331237550598
12.5,0.070556640625,4.700044413182534e-05,0.0,1.3416230447332704e-07,4.686628182735202e-05,0.0057089802852514715
12.51,0.07148318521905729,4.730098338710348e-05,0.0,1.3670315201623873e-07,4.716428023508724e-05,0.005780139955970157
12.52,0.0724171222548342,4.7600983930436033e-05,0.0,1.392759636860396e-07,4.7461707966749995e-05,0.005851810285668765
12.530000000000001,0.07335846102406235,4.790042851845947e-05,0.0,1.418808605273551e-07,4.775854765793212e-05,0.005923991284239899
12.54,0.07430721044976694,4.819929999254075e-05,0.0,1.4451795988488535e-07,4.805478203265586e-05,0.005996682935530215
12.55,0.07526337908570162,4.849758127958258e-05,0.0,1.4718737535847762e-07,4.83503939042241e-05,0.006069885197365226
12.56,0.07622697511580341,4.8795255392812905e-05,0.0,1.4988921675880673e-07,4.86453661760541e-05,0.00614359800157472
12.57,0.077198006353677,4.9092305432561225e-05,0.0,1.5262359006369714e-07,4.893968184249753e-05,0.006217821254019463
12.58,0.0781764802421011,4.9388714587020526e-05,0.0,1.5539059737507888e-07,4.923332398964545e-05,0.006292554834618673
12.59,0.07916240385256004,4.968446613299485e-05,0.0,1.5819033687659132e-07,4.9526275796118256e-05,0.00636779859737847
12.6,0.08015578388479994,4.997954343663349e-05,0.0,1.6102290279184567e-07,4.9818520533841646e-05,0.006443552370421246
12.61,0.0811566266664096,5.027392995415155e-05,0.0,1.6388838534335405e-07,5.0110041568808196e-05,0.0065198159560160025
12.620000000000001,0.08216493815242493,5.0567609232536285e-05,0.0,1.6678687071212874e-07,5.040082236182416e-05,0.006596589130609501
12.629999999999999,0.08318072392495747,5.086056491024069e-05,0.0,1.6971844099796574e-07,5.069084646924272e-05,0.006673871644858322
12.64,0.08420398919284953,5.11527807178638e-05,0.0,1.7268317418042353e-07,5.098009754368337e-05,0.006751663223661988
12.65,0.08523473879134848,5.1444240478816924e-05,0.0,1.756811440804877e-07,5.126855933473644e-05,0.00682996356619659
12.66,0.08627297718180986,5.1734928109978075e-05,0.0,1.7871242032295517e-07,5.155621568965512e-05,0.006908772345949663
12.67,0.0873187084514214,5.202482762233252e-05,0.0,1.8177706829952282e-07,5.1843050554033e-05,0.0069880892107556745
12.68,0.0883719363129514,5.23139231216009e-05,0.0,1.8487514913259954e-07,5.21290479724683e-05,0.0070679137828324285
12.69,0.08943266410452112,5.260219880885495e-05,0.0,1.8800671963984788e-07,5.24141920892151e-05,0.007148245658818324
12.7,0.0905008947893999,5.288963898111984e-05,0.0,1.911718322994563e-07,5.269846714882038e-05,0.007229084409810377
12.71,0.0915766309558248,5.317622803196527e-05,0.0,1.943705352161595e-07,5.298185749674911e-05,0.007310429581403162
12.72,0.09265987481684154,5.346195045208304e-05,0.0,1.9760287208799874e-07,5.326434757999504e-05,0.007392280693728395
12.73,0.09375062821017138,5.374679082985328e-05,0.0,2.0086888217384583e-07,5.354592194767944e-05,0.007474637241495528
12.74,0.09484889259809876,5.403073385189854e-05,0.0,2.0416860026168295e-07,5.382656525163686e-05,0.007557498694032963
12.75,0.09595466906738283,5.431376430362535e-05,0.0,2.0750205663764978e-07,5.41062622469877e-05,0.007640864495330122
12.76,0.09706795832919192,5.459586706975452e-05,0.0,2.108692770558658e-07,5.438499779269865e-05,0.0077247340640802815
12.77,0.09818876071906077,5.487702713483967e-05,0.0,2.1427028270903166e-07,5.466275685213064e-05,0.007809106793724191
12.780000000000001,0.09931707619687025,5.515722958377381e-05,0.0,2.1770509019981275e-07,5.4939524493574e-05,0.007893982052494435
12.79,0.10045290434684885,5.543645960228461e-05,0.0,2.2117371151301265e-07,5.52152858907716e-05,0.007979359183460474
12.8,0.10159624437760009,5.5714702477418854e-05,0.0,2.2467615398855028e-07,5.5490026323430305e-05,0.008065237504574718
12.81,0.10274709512214633,5.5991943598014266e-05,0.0,2.2821242029522004e-07,5.5763731177719046e-05,0.008151616308718867
12.82,0.10390545503800112,5.6268168455161865e-05,0.0,2.3178250840527665e-07,5.6036385946756586e-05,0.008238494863751465
12.83,0.10507132220725932,5.65433626426559e-05,0.0,2.353864115698152e-07,5.630797623108608e-05,0.00832587241255586
12.84,0.10624469433671152,5.681751185743358e-05,0.0,2.390241182949735e-07,5.657848773913861e-05,0.008413748173089045
12.85,0.1074255687579797,5.709060190000392e-05,0.0,2.426956123189508e-07,5.6847906287684974e-05,0.008502121338431156
12.86,0.10861394242767439,5.7362618674865404e-05,0.0,2.464008725898476e-07,5.711621780227556e-05,0.00859099107683566
12.870000000000001,0.10980981192757512,5.763354819091376e-05,0.0,2.5013987324433836e-07,5.738340831766942e-05,0.008680356531780366
12.879999999999999,0.11101317346482971,5.790337656183844e-05,0.0,2.539125835871656e-07,5.764946397825127e-05,0.008770216822018916
12.89,0.1122240228721793,5.81720900065095e-05,0.0,2.577189680714813e-07,5.791437103843802e-05,0.008860571041633276
12.9,0.11344235560820004,5.8439674849353375e-05,0.0,2.6155898628001236e-07,5.8178115863073365e-05,0.008951418260086589
12.91,0.11466816675757023,5.870611752071912e-05,0.0,2.6543259290707937e-07,5.844068492781204e-05,0.00904275752227697
12.92,0.11590145103135636,5.897140455723412e-05,0.0,2.693397377414525e-07,5.870206481949267e-05,0.009134587848591854
12.93,0.11714220276732125,5.9235522602150124e-05,0.0,2.732803656500595e-07,5.896224223650007e-05,0.009226908234963053
12.94,0.11839041593025267,5.9498458405678825e-05,0.0,2.77254416562539e-07,5.922120398911628e-05,0.009319717652922464
12.95,0.11964608411231394,5.976019882531858e-05,0.0,2.812618254566545e-07,5.9478936999861925e-05,0.009413015049658515
12.96,0.12090920053341438,6.0020730826170466e-05,0.0,2.85302522344557e-07,5.973542830382591e-05,0.009506799348073193
12.97,0.1221797580415999,6.028004148124499e-05,0.0,2.893764322599054e-07,5.999066504898509e-05,0.009601069446839696
12.98,0.12345774911346748,6.053811797176003e-05,0.0,2.934834752458572e-07,6.024463449651417e-05,0.00969582422046097
12.99,0.12474316585459584,6.0794947587428176e-05,0.0,2.9762356634390724e-07,6.049732402108427e-05,0.009791062519328597
13.0,0.12603600000000004,6.105051772673549e-05,0.0,3.017966155836006e-07,6.0748721111151886e-05,0.009886783169782575
13.01,0.12733624291460427,6.130481589721107e-05,0.0,3.0600252797310646e-07,6.099881336923797e-05,0.009982984974171575
13.02,0.12864388559373607,6.155782971568688e-05,0.0,3.102412034906595e-07,6.124758851219623e-05,0.010079666710913955
13.030000000000001,0.1299589186636411,6.18095469085494e-05,0.0,3.1451253707687477e-07,6.149503437147253e-05,0.01017682713455943
13.04,0.13128133238201511,6.205995531198133e-05,0.0,3.1881641862792063e-07,6.17411388933534e-05,0.010274464975851173
13.05,0.13261111663856098,6.230904287219546e-05,0.0,3.23152732989579e-07,6.198589013920589e-05,0.010372578941788925
13.06,0.1339482609555601,6.255679764565875e-05,0.0,3.2752135995216055e-07,6.22292762857066e-05,0.010471167715692349
13.07,0.13529275448846717,6.280320779930866e-05,0.0,3.31922174246304e-07,6.247128562506236e-05,0.010570229957265266
13.08,0.13664458602652368,6.304826161076004e-05,0.0,3.3635504553964294e-07,6.27119065652204e-05,0.010669764302660468
13.09,0.13800374399339047,6.329194746850436e-05,0.0,3.4081983843434854e-07,6.295112763007e-05,0.010769769364545115
13.1,0.13937021644779995,6.353425387209945e-05,0.0,3.45316412465541e-07,6.318893745963392e-05,0.010870243732166779
13.11,0.1407439910842281,6.37751694323521e-05,0.0,3.4984462210058204e-07,6.342532481025153e-05,0.010971185971420142
13.120000000000001,0.14212505523358548,6.401468287149145e-05,0.0,3.544043167392348e-07,6.366027855475222e-05,0.011072594624914297
13.129999999999999,0.1435133958639261,6.42527830233344e-05,0.0,3.589953407146959e-07,6.38937876826197e-05,0.011174468212040595
13.14,0.14490899958117961,6.448945883344381e-05,0.0,3.636175332955147e-07,6.41258413001483e-05,0.011276805229041401
13.15,0.14631185262989538,6.472469935927688e-05,0.0,3.682707286883583e-07,6.435642863058852e-05,0.011379604149078978
13.16,0.14772194089401255,6.49584937703276e-05,0.0,3.7295475604167684e-07,6.458553901428593e-05,0.011482863422305487
13.17,0.14913924989764463,6.519083134826004e-05,0.0,3.7766943945022167e-07,6.481316190880982e-05,0.011586581475933326
13.18,0.15056376480588343,6.54217014870341e-05,0.0,3.824145979604372e-07,6.503928688907367e-05,0.011690756714306116
13.19,0.15199547042562295,6.565109369302419e-05,0.0,3.8719004557672755e-07,6.526390364744747e-05,0.011795387518970418
13.2,0.1534343512063999,6.587899758512934e-05,0.0,3.9199559126858193e-07,6.548700199386076e-05,0.011900472248747932
13.21,0.15488039124125386,6.610540289487669e-05,0.0,3.968310389785736e-07,6.570857185589811e-05,0.012006009239808412
13.22,0.15633357426760466,6.633029946651673e-05,0.0,4.0169618763121725e-07,6.59286032788855e-05,0.012111996805743111
13.23,0.15779388366814912,6.655367725711187e-05,0.0,4.0659083114269534e-07,6.614708642596917e-05,0.012218433237638942
13.24,0.15926130247177475,6.67755263366171e-05,0.0,4.1151475843144e-07,6.636401157818565e-05,0.012325316804153181
13.25,0.16073581335449222,6.699583688795407e-05,0.0,4.1646775342958025e-07,6.657936913452449e-05,0.012432645751588832
13.26,0.16221739864038462,6.721459920707706e-05,0.0,4.214495950952365e-07,6.679314961198183e-05,0.012540418303970539
13.27,0.163706040302576,6.743180370303305e-05,0.0,4.2646005742568167e-07,6.700534364560737e-05,0.012648632663121237
13.280000000000001,0.16520171996421573,6.764744089801379e-05,0.0,4.314989094713444e-07,6.721594198854244e-05,0.012757287008739267
13.29,0.16670441889948112,6.786150142740126e-05,0.0,4.365659153506639e-07,6.74249355120506e-05,0.012866379498476183
13.3,0.1682141180346001,6.807397603980697e-05,0.0,4.4166083426580525e-07,6.763231520554117e-05,0.012975908268015356
13.31,0.1697307979488851,6.828485559710288e-05,0.0,4.4678342051919165e-07,6.783807217658369e-05,0.013085871431150756
13.32,0.17125443887579073,6.849413107444725e-05,0.0,4.5193342353090567e-07,6.804219765091634e-05,0.01319626707986682
13.33,0.1727850207039849,6.870179356030294e-05,0.0,4.5711058785691333e-07,6.824468297244602e-05,0.013307093284418694
13.34,0.17432252297843734,6.890783425644916e-05,0.0,4.6231465320812505e-07,6.844551960324103e-05,0.013418348093413095
13.35,0.1758669249015265,6.911224447798706e-05,0.0,4.675453544702932e-07,6.864469912351677e-05,0.013530029533889933
13.36,0.1774182053341613,6.931501565333857e-05,0.0,4.728024217247311e-07,6.884221323161383e-05,0.013642135611404383
13.370000000000001,0.17897634279692137,6.951613932423901e-05,0.0,4.780855802698624e-07,6.903805374396915e-05,0.013754664310109715
13.379999999999999,0.18054131547121255,6.971560714572324e-05,0.0,4.833945506435866e-07,6.923221259507966e-05,0.013867613592840689
13.39,0.1821131012004411,6.991341088610592e-05,0.0,4.887290486464686e-07,6.942468183745945e-05,0.013980981401197662
13.4,0.18369167749120013,7.010954242695492e-05,0.0,4.940887853657275e-07,6.96154536415892e-05,0.01409476565563109
13.41,0.18527702151447756,7.030399376305951e-05,0.0,4.994734672000526e-07,6.980452029585945e-05,0.014208964255526995
13.42,0.18686911010687648,7.049675700239157e-05,0.0,5.048827958852082e-07,6.999187420650637e-05,0.014323575079292805
13.43,0.18846791977185365,7.068782436606163e-05,0.0,5.103164685204488e-07,7.017750789754118e-05,0.014438595984443964
13.44,0.19007342668097255,7.087718818826835e-05,0.0,5.157741775957231e-07,7.036141401067263e-05,0.01455402480769107
13.45,0.19168560667517326,7.106484091624242e-05,0.0,5.212556110196721e-07,7.054358530522275e-05,0.014669859365027724
13.46,0.1933044352660594,7.125077511018498e-05,0.0,5.267604521484207e-07,7.072401465803655e-05,0.014786097451819092
13.47,0.19492988763719632,7.143498344319935e-05,0.0,5.322883798151308e-07,7.090269506338422e-05,0.014902736842890806
13.48,0.19656193864543176,7.161745870121827e-05,0.0,5.378390683603585e-07,7.107961963285791e-05,0.015019775292618963
13.49,0.198200562822226,7.179819378292473e-05,0.0,5.434121876631621e-07,7.125478159526157e-05,0.015137210535020396
13.5,0.19984573437499994,7.197718169966723e-05,0.0,5.490074031729802e-07,7.142817429649425e-05,0.015255040283843693
13.51,0.20149742718849903,7.215441557537029e-05,0.0,5.54624375942282e-07,7.1599791199428e-05,0.015373262232660964
13.52,0.20315561482617087,7.232988864643845e-05,0.0,5.602627626599574e-07,7.176962588377849e-05,0.015491874054960128
13.530000000000001,0.20482027053155963,7.250359426165587e-05,0.0,5.659222156854715e-07,7.19376720459704e-05,0.015610873404237953
13.54,0.20649136722971276,7.267552588207994e-05,0.0,5.716023830837506e-07,7.210392349899618e-05,0.015730257914093587
13.55,0.20816887752860794,7.284567708092995e-05,0.0,5.773029086608238e-07,7.226837417226913e-05,0.015850025198323105
13.56,0.20985277372058717,7.301404154347044e-05,0.0,5.830234320001763e-07,7.243101811147026e-05,0.015970172851014177
13.57,0.21154302778381254,7.31806130668895e-05,0.0,5.887635884998497e-07,7.259184947838966e-05,0.016090698446641884
13.58,0.2132396113837335,7.334538556017164e-05,0.0,5.94523009410251e-07,7.275086255076139e-05,0.016211599540164986
13.59,0.21494249587456793,7.35083530439664e-05,0.0,6.003013218726821e-07,7.290805172209372e-05,0.01633287366712279
13.6,0.21665165230079986,7.366950965045086e-05,0.0,6.060981489585744e-07,7.306341150149228e-05,0.016454518343732863
13.61,0.21836705139868945,7.38288496231881e-05,0.0,6.11913109709428e-07,7.321693651347868e-05,0.016576531066989263
13.620000000000001,0.22008866359779874,7.398636731698063e-05,0.0,6.177458191774481e-07,7.336862149780318e-05,0.016698909314761538
13.629999999999999,0.22181645902252947,7.414205719771844e-05,0.0,6.235958884668621e-07,7.351846130925158e-05,0.016821650545894264
13.64,0.22355040749367927,7.429591384222315e-05,0.0,6.294629247759372e-07,7.36664509174472e-05,0.016944752200307597
13.65,0.22529047853000478,7.44479319380867e-05,0.0,6.353465314396501e-07,7.381258540664706e-05,0.017068211699097963
13.66,0.2270366413498056,7.459810628350554e-05,0.0,6.412463079730446e-07,7.395685997553248e-05,0.017192026444639956
13.67,0.22878886487251804,7.474643178711076e-05,0.0,6.471618501152464e-07,7.409926993699552e-05,0.017316193820688646
13.68,0.2305471177203227,7.489290346779283e-05,0.0,6.530927498741255e-07,7.42398107179187e-05,0.01744071119248257
13.69,0.2323113682197669,7.503751645452222e-05,0.0,6.590385955716154e-07,7.437847785895061e-05,0.017565575906847535
13.7,0.2340815844034,7.518026598616592e-05,0.0,6.649989718896725e-07,7.451526701427625e-05,0.017690785292301052
13.71,0.23585773401142096,7.532114741129849e-05,0.0,6.709734599168577e-07,7.465017395138163e-05,0.017816336659157394
13.72,0.23763978449334053,7.546015618801009e-05,0.0,6.769616371955605e-07,7.478319455081452e-05,0.017942227299633483
13.73,0.2394277030096563,7.559728788370922e-05,0.0,6.829630777698311e-07,7.49143248059394e-05,0.0180684544879554
13.74,0.24122145643354034,7.573253817492135e-05,0.0,6.889773522338242e-07,7.504356082268752e-05,0.018195015480465634
13.75,0.24302101135253906,7.586590284708378e-05,0.0,6.950040277808483e-07,7.517089881930292e-05,0.018321907515730932
13.76,0.24482633407028792,7.599737779433578e-05,0.0,7.010426682530118e-07,7.529633512608277e-05,0.01844912781465104
13.77,0.24663739060823636,7.612695901930492e-05,0.0,7.070928341914509e-07,7.541986618511347e-05,0.018576673580567964
13.780000000000001,0.24845414670738844,7.625464263288936e-05,0.0,7.131540828871494e-07,7.554148855000221e-05,0.018704541999376156
13.79,0.2502765678300506,7.63804248540355e-05,0.0,7.19225968432307e-07,7.566119888560318e-05,0.01883273023963305
13.8,0.25210461916160015,7.65043020095129e-05,0.0,7.253080417723081e-07,7.577899396774059e-05,0.018961235452670883
13.81,0.25393826561225674,7.66262705336838e-05,0.0,7.313998507582059e-07,7.58948706829256e-05,0.01909005477270861
13.82,0.2557774718188732,7.674632696826963e-05,0.0,7.375009401997823e-07,7.600882602806985e-05,0.019219185316965027
13.83,0.25762220214673515,7.686446796211361e-05,0.0,7.436108519191379e-07,7.612085711019447e-05,0.019348624185772354
13.84,0.259472420691373,7.69806902709393e-05,0.0,7.497291248048107e-07,7.623096114613449e-05,0.019478368462690656
13.85,0.2613280912803859,7.709499075710525e-05,0.0,7.558552948664177e-07,7.633913546223884e-05,0.01960841521462291
13.86,0.26318917747527854,7.720736638935657e-05,0.0,7.619888952898165e-07,7.644537749406674e-05,0.01973876149193092
13.870000000000001,0.2650556425733081,7.731781424257186e-05,0.0,7.681294564927635e-07,7.654968478607911e-05,0.01986940432855187
13.879999999999999,0.2669274496093427,7.742633149750753e-05,0.0,7.742765061810733e-07,7.665205499132646e-05,0.02000034074211558
13.89,0.2688045613577348,7.753291544053787e-05,0.0,7.804295694052731e-07,7.675248587113259e-05,0.020131567734062727
13.9,0.2706869403342001,7.763756346339144e-05,0.0,7.86588168617718e-07,7.685097529477372e-05,0.02026308228976349
13.91,0.27257454879771265,7.774027306288475e-05,0.0,7.927518237301967e-07,7.694752123915455e-05,0.020394881378637125
13.92,0.2744673487524095,7.784104184065152e-05,0.0,7.989200521719875e-07,7.704212178847954e-05,0.020526961954272338
13.93,0.2763653019495059,7.79398675028691e-05,0.0,8.050923689483682e-07,7.713477513392074e-05,0.02065932095454823
13.94,0.2782683698892218,7.803674785998153e-05,0.0,8.112682866995743e-07,7.722547957328196e-05,0.02079195530175612
13.95,0.28017651382272013,7.813168082641857e-05,0.0,8.174473157601841e-07,7.731423351065839e-05,0.020924861902722094
13.96,0.28208969475405465,7.82246644203125e-05,0.0,8.236289642189392e-07,7.740103545609356e-05,0.021058037648930293
13.97,0.28400787344212797,7.831569676321068e-05,0.0,8.298127379789691e-07,7.748588402523171e-05,0.021191479416646886
13.98,0.28593101040266344,7.840477607978524e-05,0.0,8.359981408184342e-07,7.75687779389668e-05,0.02132518406704502
13.99,0.2878590659101833,7.849190069753986e-05,0.0,8.42184674451561e-07,7.76497160230883e-05,0.02145914844633027
14.0,0.28979199999999994,7.857706904651291e-05,0.0,8.483718385900655e-07,7.772869720792285e-05,0.02159336938586702
14.01,0.2917297724702168,7.866027965897769e-05,0.0,8.545591310049563e-07,7.780572052797274e-05,0.021727843702305558
14.02,0.2936723428837385,7.874153116913982e-05,0.0,8.607460475887086e-07,7.788078512155111e-05,0.021862568197709875
14.030000000000001,0.2956196705702928,7.882082231283091e-05,0.0,8.669320824177949e-07,7.795389023041311e-05,0.02199753965968636
14.04,0.29757171462846005,7.889815192720013e-05,0.0,8.731167278155684e-07,7.802503519938456e-05,0.022132754861513088
14.05,0.2995284339277173,7.897351895040206e-05,0.0,8.792994744154941e-07,7.809421947598657e-05,0.02226821056227019
14.06,0.30148978711048435,7.904692242128194e-05,0.0,8.854798112246913e-07,7.816144261005725e-05,0.02240390350697049
14.07,0.30345573259418834,7.911836147905811e-05,0.0,8.916572256878248e-07,7.822670425337028e-05,0.022539830426691488
14.08,0.3054262285733305,7.918783536300122e-05,0.0,8.978312037512822e-07,7.829000415924994e-05,0.022675988038707625
14.09,0.3074012330215677,7.925534341211099e-05,0.0,9.040012299276729e-07,7.835134218218331e-05,0.0228123730466237
14.1,0.3093807036938001,7.932088506479011e-05,0.0,9.101667873606102e-07,7.841071827742951e-05,0.022948982140508813
14.11,0.3113645981282687,7.938445985851495e-05,0.0,9.163273578897709e-07,7.846813250062519e-05,0.023085811997031146
14.120000000000001,0.3133528736486647,7.944606742950433e-05,0.0,9.224824221162462e-07,7.852358500738809e-05,0.023222859279593708
14.129999999999999,0.3153454873662426,7.950570751238487e-05,0.0,9.2863145946813e-07,7.857707605291673e-05,0.02336012063847049
14.14,0.3173423961819485,7.956337993985408e-05,0.0,9.347739482663835e-07,7.86286059915877e-05,0.023497592710943795
14.15,0.3193435567885516,7.961908464234069e-05,0.0,9.409093657909242e-07,7.867817527654977e-05,0.023635272121442032
14.16,0.32134892567278917,7.967282164766242e-05,0.0,9.470371883469619e-07,7.872578445931546e-05,0.023773155481678555
14.17,0.3233584591175167,7.972459108068121e-05,0.0,9.53156891331547e-07,7.877143418934966e-05,0.023911239390791057
14.18,0.32537211320386894,7.977439316295608e-05,0.0,9.59267949300341e-07,7.881512521365574e-05,0.024049520435481926
14.190000000000001,0.32738984381342817,7.982222821239281e-05,0.0,9.65369836034578e-07,7.885685837635824e-05,0.024187995190159305
14.2,0.32941160663039987,7.986809664289227e-05,0.0,9.714620246082275e-07,7.889663461828404e-05,0.02432666021707883
14.21,0.331437357143801,7.991199896399551e-05,0.0,9.775439874553443e-07,7.893445497654017e-05,0.024465512066486495
14.219999999999999,0.33346705064964866,7.995393578052631e-05,0.0,9.836151964375656e-07,7.897032058408875e-05,0.024604547276761733
14.23,0.3355006422531684,7.99939077922324e-05,0.0,9.896751229118163e-07,7.900423266932058e-05,0.024743762374562134
14.24,0.3375380868709957,8.003191579342302e-05,0.0,9.957232377981074e-07,7.903619255562492e-05,0.02488315387496785
14.25,0.33957933923339834,8.006796067260516e-05,0.0,1.0017590116475249e-06,7.906620166095765e-05,0.025022718281627762
14.26,0.3416243538865013,8.010204341211719e-05,0.0,1.0077819147103326e-06,7.909426149740686e-05,0.025162452086906026
14.27,0.34367308519451745,8.013416508775987e-05,0.0,1.0137914170041844e-06,7.912037367075569e-05,0.025302351772029292
14.280000000000001,0.3457254873419882,8.016432686842606e-05,0.0,1.0197869883824656e-06,7.91445398800436e-05,0.02544241380723486
14.29,0.347781514336032,8.019253001572717e-05,0.0,1.0257680986027252e-06,7.916676191712444e-05,0.025582634651919674
14.3,0.34984112000860035,8.021877588361824e-05,0.0,1.0317342173952043e-06,7.918704166622304e-05,0.025723010754790096
14.31,0.3519042580187359,8.024306591802054e-05,0.0,1.0376848145314291e-06,7.920538110348911e-05,0.025863538554012095
14.32,0.35397088185484876,8.026540165644219e-05,0.0,1.0436193598929056e-06,7.922178229654928e-05,0.026004214477363015
14.33,0.3560409448369852,8.028578472759643e-05,0.0,1.0495373235398264e-06,7.92362474040566e-05,0.02614503494238306
14.34,0.35811440011911816,8.030421685101862e-05,0.0,1.0554381757798825e-06,7.924877867523875e-05,0.026285996356528684
14.350000000000001,0.3601912006914331,8.03206998366799e-05,0.0,1.0613213872370586e-06,7.925937844944284e-05,0.02642709511732583
14.36,0.36227129938262626,8.033523558460029e-05,0.0,1.067186428920497e-06,7.926804915567978e-05,0.026568327612524468
14.370000000000001,0.36435464886220986,8.034782608445889e-05,0.0,1.0730327722933644e-06,7.927479331216553e-05,0.02670969022025385
14.379999999999999,0.3664412016428197,8.035847341520231e-05,0.0,1.0788598893417173e-06,7.927961352586059e-05,0.0268511793091783
14.39,0.3685309100825359,8.036717974465172e-05,0.0,1.0846672526433918e-06,7.928251249200834e-05,0.026992791238654217
14.4,0.3706237263872004,8.037394732910708e-05,0.0,1.0904543354368388e-06,7.928349299367024e-05,0.027134522358887192
14.41,0.3727196026127508,8.037877851295042e-05,0.0,1.0962206116899781e-06,7.928255790126044e-05,0.02727636901109061
14.42,0.37481849066755535,8.03816757282468e-05,0.0,1.1019655561689985e-06,7.92797101720778e-05,0.027418327527644677
14.43,0.3769203423147529,8.038264149434335e-05,0.0,1.1076886445071064e-06,7.927495284983625e-05,0.02756039423225613
14.440000000000001,0.3790251091746011,8.03816784174672e-05,0.0,1.1133893532732372e-06,7.926828906419396e-05,0.027702565440118853
14.45,0.3811327427268296,8.03787891903208e-05,0.0,1.1190671600406899e-06,7.925972203028011e-05,0.027844837458075266
14.46,0.3832431943130006,8.037397659167611e-05,0.0,1.1247215434556958e-06,7.924925504822042e-05,0.02798720658477851
14.469999999999999,0.38535641513886965,8.036724348596685e-05,0.0,1.1303519833058856e-06,7.923689150266096e-05,0.02812966911085509
14.48,0.3874723562767624,8.035859282287902e-05,0.0,1.1359579605886891e-06,7.922263486229034e-05,0.028272221319068917
14.49,0.38959096866794274,8.03480276369401e-05,0.0,1.141538957579594e-06,7.92064886793605e-05,0.028414859484485223
14.5,0.39171220312499977,8.033555104710622e-05,0.0,1.1470944579003207e-06,7.91884565892059e-05,0.028557579874636103
14.51,0.3938360103342323,8.032116625634767e-05,0.0,1.1526239465868499e-06,7.916854230976082e-05,0.028700378749686284
14.52,0.3959623408580385,8.030487655123356e-05,0.0,1.1581269101573198e-06,7.914674964107624e-05,0.028843252362599638
14.530000000000001,0.3980911451373159,8.028668530151394e-05,0.0,1.1636028366797845e-06,7.912308246483415e-05,0.02898619695930684
14.54,0.4002223734938569,8.026659595970088e-05,0.0,1.1690512158397878e-06,7.90975447438611e-05,0.029129208778873057
14.55,0.4023559761327645,8.02446120606484e-05,0.0,1.1744715390078276e-06,7.907014052164057e-05,0.02927228405366752
14.56,0.4044919031448523,8.022073722112989e-05,0.0,1.1798632993065597e-06,7.904087392182332e-05,0.029415419009532297
14.57,0.4066301045090693,8.019497513941523e-05,0.0,1.1852259916779008e-06,7.900974914773734e-05,0.029558609865953336
14.58,0.4087705300949147,8.016732959484566e-05,0.0,1.19055911294987e-06,7.897677048189578e-05,0.029701852836231096
14.59,0.4109131296648644,8.013780444740731e-05,0.0,1.1958621619032504e-06,7.894194228550406e-05,0.029845144127652476
14.600000000000001,0.41305785287680036,8.010640363730386e-05,0.0,1.2011346393380384e-06,7.890526899796582e-05,0.029988479941663374
14.61,0.41520464928644096,8.007313118452738e-05,0.0,1.2063760481396443e-06,7.886675513638773e-05,0.03013185647404166
14.620000000000001,0.4173534683497838,8.003799118842751e-05,0.0,1.2115858933448798e-06,7.882640529508263e-05,0.03027526991507153
14.629999999999999,0.41950425942554026,8.000098782728024e-05,0.0,1.2167636822076746e-06,7.878422414507256e-05,0.030418716449717626
14.64,0.4216569717775873,7.996212535785427e-05,0.0,1.2219089242645583e-06,7.874021643358971e-05,0.030562192257800873
14.65,0.4238115545774109,7.992140811497717e-05,0.0,1.2270211313998567e-06,7.86943869835773e-05,0.030705693514174074
14.66,0.42596795690656303,7.98788405110994e-05,0.0,1.2320998179106262e-06,7.864674069318877e-05,0.030849216388898943
14.67,0.42812612775911607,7.98344270358572e-05,0.0,1.2371445005712854e-06,7.859728253528592e-05,0.030992757047423377
14.68,0.4302860160441227,7.978817225563498e-05,0.0,1.2421546986979676e-06,7.854601755693701e-05,0.03113631165075952
14.690000000000001,0.4324475705880817,7.974008081312554e-05,0.0,1.2471299342125604e-06,7.849295087891298e-05,0.03127987635566273
14.7,0.43461074013739964,7.969015742688958e-05,0.0,1.2520697317064156e-06,7.843808769518316e-05,0.03142344731481065
14.71,0.43677547336086864,7.963840689091426e-05,0.0,1.256973618503772e-06,7.838143327241048e-05,0.03156702067698385
14.719999999999999,0.4389417188521302,7.958483407416985e-05,0.0,1.2618411247247864e-06,7.832299294944507e-05,0.03171059258724599
14.73,0.4411094251321601,7.952944392016616e-05,0.0,1.266671783348283e-06,7.826277213681788e-05,0.03185415918712579
14.74,0.4432785406517403,7.947224144650724e-05,0.0,1.2714651302740975e-06,7.820077631623314e-05,0.03199771661479865
14.75,0.44544901379394547,7.941323174444496e-05,0.0,1.2762207043850865e-06,7.813701104005987e-05,0.032141261005269685
14.76,0.4476207928766256,7.935241997843222e-05,0.0,1.2809380476087636e-06,7.807148193082346e-05,0.032284788490556916
14.77,0.4497938261548932,7.928981138567407e-05,0.0,1.285616704978535e-06,7.800419468069554e-05,0.03242829519987527
14.780000000000001,0.4519680618236153,7.922541127567862e-05,0.0,1.2902562246945706e-06,7.793515505098405e-05,0.03257177725982133
14.79,0.45414344801990064,7.915922502980664e-05,0.0,1.2948561581842458e-06,7.78643688716224e-05,0.03271523079455819
14.8,0.45631993282560046,7.90912581008199e-05,0.0,1.2994160601622045e-06,7.779184204065769e-05,0.03285865192600178
14.81,0.45849746426979865,7.902151601242913e-05,0.0,1.3039354886899752e-06,7.771758052373916e-05,0.03300203677400676
14.82,0.4606759903313163,7.895000435884046e-05,0.0,1.3084140052351856e-06,7.764159035360527e-05,0.03314538145655404
14.83,0.46285545894120966,7.887672880430095e-05,0.0,1.3128511747303197e-06,7.756387762957062e-05,0.03328868208993812
14.84,0.46503581798527294,7.88016950826438e-05,0.0,1.3172465656310452e-06,7.748444851701276e-05,0.03343193478895534
14.850000000000001,0.4672170153065426,7.872490899683174e-05,0.0,1.321599749974072e-06,7.740330924685767e-05,0.033575135667092595
14.86,0.46939899870780444,7.864637641850026e-05,0.0,1.3259103034345657e-06,7.732046611506569e-05,0.033718280836716776
14.870000000000001,0.47158171595410214,7.856610328749967e-05,0.0,1.330177805383079e-06,7.723592548211659e-05,0.03386136640926465
14.879999999999999,0.4737651147752444,7.848409561143617e-05,0.0,1.3344018389420006e-06,7.714969377249417e-05,0.03400438849543322
14.89,0.47594914286831846,7.840035946521226e-05,0.0,1.3385819910415228e-06,7.706177747417074e-05,0.03414734320537082
14.9,0.47813374790019997,7.831490099056653e-05,0.0,1.342717852475114e-06,7.697218313809142e-05,0.03429022664886857
14.91,0.48031887751006674,7.82277263956119e-05,0.0,1.3468090179544678e-06,7.688091737765742e-05,0.03443303493555235
14.92,0.48250447931191354,7.813884195437409e-05,0.0,1.3508550861639663e-06,7.678798686821013e-05,0.03457576417507548
14.93,0.48469050089706955,7.804825400632839e-05,0.0,1.354855659814605e-06,7.669339834651378e-05,0.034718410477311876
14.940000000000001,0.48687688983670974,7.795596895593626e-05,0.0,1.358810345697379e-06,7.659715861023889e-05,0.03486096995254927
14.95,0.48906359368437585,7.786199327218089e-05,0.0,1.3627187547361514e-06,7.649927451744473e-05,0.03500343871168357
14.96,0.49125055997849715,7.776633348810196e-05,0.0,1.3665805020399723e-06,7.639975298606198e-05,0.0351458128664136
14.969999999999999,0.49343773624489695,7.766899620033035e-05,0.0,1.370395206954812e-06,7.629860099337553e-05,0.035288088529435206
14.98,0.4956250699993282,7.756998806862094e-05,0.0,1.3741624931147928e-06,7.619582557550615e-05,0.035430261814637994
14.99,0.4978125087499792,7.746931581538595e-05,0.0,1.3778819884927865e-06,7.609143382689317e-05,0.035572328837300236
15.0,0.5,7.736698622522691e-05,0.0,1.3815533254504805e-06,7.598543289977642e-05,0.03571428571428571
15.01,0.502187491250021,7.726300614446601e-05,0.0,1.385176140787837e-06,7.587783000367817e-05,0.03585612856424046
15.02,0.5043749300006721,7.715738248067718e-05,0.0,1.3887500757919656e-06,7.576863240488521e-05,0.03599785350778989
15.030000000000001,0.5065622637551026,7.705012220221614e-05,0.0,1.3922747762853935e-06,7.565784742593075e-05,0.036139456667736436
15.04,0.5087494400215035,7.694123233775007e-05,0.0,1.3957498926737401e-06,7.554548244507633e-05,0.0362809341692578
15.05,0.5109364063156234,7.683071997578658e-05,0.0,1.3991750799927533e-06,7.543154489579383e-05,0.03642228214010508
15.06,0.5131231101632899,7.671859226420222e-05,0.0,1.402549997954747e-06,7.531604226624748e-05,0.036563496710801696
15.07,0.5153094991029298,7.660485640977024e-05,0.0,1.4058743109944052e-06,7.519898209877583e-05,0.03670457401484272
15.08,0.5174955206880856,7.648951967768796e-05,0.0,1.4091476883139402e-06,7.508037198937402e-05,0.03684551018889427
15.09,0.5196811224899334,7.637258939110347e-05,0.0,1.412369803927614e-06,7.496021958717586e-05,0.03698630137299335
15.100000000000001,0.5218662520998001,7.625407293064195e-05,0.0,1.415540336705613e-06,7.483853259393634e-05,0.03712694371074813
15.11,0.5240508571316806,7.613397773393128e-05,0.0,1.4186589704172682e-06,7.4715318763514e-05,0.03726743334953855
15.120000000000001,0.5262348852247554,7.601231129512737e-05,0.0,1.4217253937736123e-06,7.459058590135376e-05,0.037407766440717326
15.129999999999999,0.5284182840458977,7.58890811644389e-05,0.0,1.4247393004692507e-06,7.446434186396965e-05,0.03754793913981063
15.14,0.5306010012921956,7.576429494765135e-05,0.0,1.4277003892235868e-06,7.433659455842776e-05,0.03768794760672012
15.15,0.5327829846934579,7.563796030565118e-05,0.0,1.4306083638213455e-06,7.420735194182984e-05,0.03782778800592431
15.16,0.5349641820147271,7.55100849539489e-05,0.0,1.4334629331524098e-06,7.40766220207965e-05,0.0379674565066807
15.17,0.5371445410587901,7.538067666220203e-05,0.0,1.4362638112509746e-06,7.394441285095105e-05,0.03810694928322811
15.18,0.5393240096686838,7.52497432537377e-05,0.0,1.439010717333989e-06,7.381073253640371e-05,0.03824626251498905
15.190000000000001,0.5415025357302019,7.51172926050746e-05,0.0,1.4417033758388957e-06,7.36755892292357e-05,0.038385392386772486
15.2,0.5436800671743993,7.49833326454449e-05,0.0,1.4443415164606662e-06,7.353899112898424e-05,0.0385243350889768
15.21,0.5458565519801,7.484787135631521e-05,0.0,1.4469248741881187e-06,7.34009464821271e-05,0.03866308681779327
15.219999999999999,0.548031938176385,7.47109167709078e-05,0.0,1.4494531893394817e-06,7.326146358156832e-05,0.03880164377540858
15.23,0.5502061738451063,7.457247697372102e-05,0.0,1.4519262075972915e-06,7.312055076612373e-05,0.03894000217020935
15.24,0.5523792071233744,7.443256010004965e-05,0.0,1.4543436800425003e-06,7.297821642000715e-05,0.03907815821698521
15.25,0.5545509862060545,7.429117433550469e-05,0.0,1.456705363187868e-06,7.283446897231682e-05,0.039216108137132784
15.26,0.5567214593482592,7.414832791553291e-05,0.0,1.4590110190106116e-06,7.26893168965223e-05,0.03935384815885974
15.27,0.5588905748678397,7.400402912493615e-05,0.0,1.4612604149843057e-06,7.254276870995185e-05,0.03949137451738893
15.280000000000001,0.5610582811478695,7.385828629739025e-05,0.0,1.4634533241100206e-06,7.239483297328023e-05,0.03962868345516246
15.29,0.5632245266391311,7.371110781496381e-05,0.0,1.4655895249467132e-06,7.22455182900171e-05,0.03976577122204611
15.3,0.5653892598626005,7.356250210763627e-05,0.0,1.4676688016408515e-06,7.209483330599542e-05,0.039902634075533926
15.31,0.5675524294119187,7.341247765281638e-05,0.0,1.469690943955263e-06,7.194278670886112e-05,0.04003926828095224
15.32,0.5697139839558771,7.326104297485987e-05,0.0,1.471655747297233e-06,7.178938722756264e-05,0.04017567011166477
15.33,0.571873872240884,7.310820664458703e-05,0.0,1.4735630127458007e-06,7.163464363184122e-05,0.04031183584927682
15.34,0.5740320430934369,7.295397727880018e-05,0.0,1.4754125470782927e-06,7.147856473172189e-05,0.04044776178384
15.350000000000001,0.5761884454225891,7.27983635398007e-05,0.0,1.4772041627960658e-06,7.132115937700463e-05,0.040583444214056845
15.36,0.5783430282224123,7.264137413490619e-05,0.0,1.4789376781494664e-06,7.116243645675672e-05,0.04071887944748545
15.370000000000001,0.5804957405744593,7.248301781596687e-05,0.0,1.480612917161993e-06,7.100240489880488e-05,0.040854063800744154
15.379999999999999,0.5826465316502165,7.232330337888249e-05,0.0,1.482229709653665e-06,7.084107366922882e-05,0.04098899359971596
15.39,0.5847953507135587,7.216223966311827e-05,0.0,1.4837878912635868e-06,7.067845177185468e-05,0.041123665179753084
15.4,0.5869421471231995,7.199983555122151e-05,0.0,1.4852873034717315e-06,7.051454824774978e-05,0.04125807488588167
15.41,0.5890868703351355,7.18360999683374e-05,0.0,1.4867277936198903e-06,7.03493721747175e-05,0.04139221907300599
15.42,0.5912294699050853,7.167104188172479e-05,0.0,1.488109214931821e-06,7.018293266679296e-05,0.04152609410611262
15.43,0.593369895490931,7.150467030027211e-05,0.0,1.4894314265326047e-06,7.001523887373951e-05,0.04165969636047498
15.440000000000001,0.5955080968551477,7.133699427401289e-05,0.0,1.4906942934671568e-06,6.984629998054573e-05,0.04179302222185711
15.45,0.5976440238672353,7.116802289364132e-05,0.0,1.4918976867179503e-06,6.967612520692338e-05,0.041926068086717845
15.46,0.599777626506143,7.099776529002735e-05,0.0,1.4930414832218944e-06,6.950472380680546e-05,0.04205883036241462
15.469999999999999,0.6019088548626838,7.082623063373236e-05,0.0,1.4941255658863976e-06,6.933210506784596e-05,0.04219130546740663
15.48,0.6040376591419611,7.06534281345238e-05,0.0,1.4951498236046232e-06,6.915827831091917e-05,0.042323489831459137
15.49,0.606163989665768,7.04793670408909e-05,0.0,1.4961141512698884e-06,6.898325288962101e-05,0.0424553798958458
15.5,0.6082877968749999,7.03040566395591e-05,0.0,1.4970184497892496e-06,6.880703818976985e-05,0.04258697211355222
15.51,0.6104090313320566,7.012750625500533e-05,0.0,1.4978626260962668e-06,6.862964362890906e-05,0.04271826294947875
15.52,0.6125276437232376,6.994972524897278e-05,0.0,1.498646593162916e-06,6.845107865580986e-05,0.042849248880642996
15.530000000000001,0.6146435848611306,6.977072301998566e-05,0.0,1.4993702700106634e-06,6.827135274997499e-05,0.04297992639638183
15.54,0.6167568056869998,6.959050900286431e-05,0.0,1.5000335817207276e-06,6.809047542114358e-05,0.043110291998553624
15.55,0.6188672572731697,6.940909266823941e-05,0.0,1.5006364594434799e-06,6.790845620879593e-05,0.04324034220174006
15.56,0.6209748908253997,6.922648352206729e-05,0.0,1.5011788404070269e-06,6.772530468166027e-05,0.04337007353344756
15.57,0.6230796576852468,6.904269110514428e-05,0.0,1.5016606679249114e-06,6.754103043721938e-05,0.04349948253430766
15.58,0.6251815093324447,6.885772499262168e-05,0.0,1.5020818914030412e-06,6.735564310121864e-05,0.04362856575827895
15.59,0.6272803973872488,6.867159479352023e-05,0.0,1.5024424663456935e-06,6.716915232717454e-05,0.04375731977284623
15.600000000000001,0.6293762736128001,6.848431015024506e-05,0.0,1.5027423543607458e-06,6.698156779588431e-05,0.04388574115922137
15.61,0.6314690899174636,6.829588073810049e-05,0.0,1.5029815231640142e-06,6.679289921493647e-05,0.044013826512542216
15.620000000000001,0.6335587983571798,6.810631626480448e-05,0.0,1.5031599465827814e-06,6.66031563182217e-05,0.04414157244207243
15.629999999999999,0.6356453511377902,6.79156264700039e-05,0.0,1.5032776045584505e-06,6.641234886544544e-05,0.04426897557139957
15.64,0.6377287006173742,6.772382112478899e-05,0.0,1.503334483148375e-06,6.622048664164061e-05,0.04439603253863385
15.65,0.6398087993085675,6.75309100312087e-05,0.0,1.5033305745268382e-06,6.602757945668187e-05,0.04452273999660569
15.66,0.6418855998808813,6.733690302178524e-05,0.0,1.503265876985176e-06,6.583363714480007e-05,0.04464909461306321
15.67,0.6439590551630152,6.714180995902949e-05,0.0,1.5031403949310811e-06,6.563866956409842e-05,0.04477509307086926
15.68,0.6460291181451515,6.694564073495585e-05,0.0,1.5029541388870154e-06,6.544268659606883e-05,0.044900732068197044
15.690000000000001,0.6480957419812644,6.674840527059758e-05,0.0,1.5027071254878384e-06,6.524569814510973e-05,0.045026008318726836
15.7,0.6501588799914011,6.655011351552232e-05,0.0,1.502399377477545e-06,6.504771413804478e-05,0.04515091855184053
15.71,0.6522184856639682,6.63507754473469e-05,0.0,1.5020309237051668e-06,6.484874452364174e-05,0.045275459512816495
15.719999999999999,0.6542745126580113,6.615040107125354e-05,0.0,1.5016017991198656e-06,6.464879927213368e-05,0.04539962796302394
15.73,0.6563269148054836,6.594900041950482e-05,0.0,1.5011120447651418e-06,6.444788837473967e-05,0.04552342068011629
15.74,0.6583756461134982,6.574658355096007e-05,0.0,1.5005617077722124e-06,6.424602184318786e-05,0.04564683445822335
15.75,0.6604206607666013,6.554316055059064e-05,0.0,1.499950841352587e-06,6.404320970923805e-05,0.04576986610814483
15.76,0.6624619131290046,6.533874152899624e-05,0.0,1.499279504789749e-06,6.383946202420649e-05,0.04589251245754079
15.77,0.6644993577468322,6.513333662192099e-05,0.0,1.498547763430044e-06,6.363478885849095e-05,0.046014770351123065
15.780000000000001,0.6665329493503513,6.492695598976972e-05,0.0,1.4977556886727132e-06,6.3429200301097e-05,0.046136636650845254
15.79,0.6685626428561997,6.471960981712445e-05,0.0,1.4969033579591077e-06,6.322270645916535e-05,0.046258108236092464
15.8,0.6705883933696004,6.451130831226085e-05,0.0,1.4959908547610526e-06,6.301531745749979e-05,0.04637918200386981
15.81,0.6726101561865727,6.43020617066652e-05,0.0,1.4950182685684066e-06,6.28070434380968e-05,0.04649985486899065
15.82,0.6746278867961306,6.409188025455128e-05,0.0,1.4939856948757692e-06,6.25978945596755e-05,0.04662012376426353
15.83,0.6766415408824836,6.388077423237739e-05,0.0,1.4928932351683957e-06,6.2387880997209e-05,0.04673998564067924
15.84,0.678651074327211,6.366875393836384e-05,0.0,1.4917409969072495e-06,6.217701294145658e-05,0.046859437467595716
15.850000000000001,0.6806564432114486,6.345582969201025e-05,0.0,1.490529093513276e-06,6.196530059849697e-05,0.04697847623292361
15.86,0.6826576038180516,6.324201183361368e-05,0.0,1.4892576443508393e-06,6.175275418926284e-05,0.04709709894330989
15.870000000000001,0.6846545126337564,6.30273107237859e-05,0.0,1.4879267747103353e-06,6.153938394907556e-05,0.047215302624321116
15.879999999999999,0.6866471263513354,6.281173674297224e-05,0.0,1.4865366157900363e-06,6.132520012718221e-05,0.04733308432062608
15.89,0.6886354018717313,6.259530029096926e-05,0.0,1.4850873046770574e-06,6.111021298629221e-05,0.047450441096176466
15.9,0.6906192963062008,6.237801178644403e-05,0.0,1.483578984327606e-06,6.089443280211643e-05,0.047567370034388205
15.91,0.6925987669784316,6.215988166645236e-05,0.0,1.48201180354635e-06,6.0677869862906005e-05,0.04768386823832036
15.92,0.6945737714266694,6.194092038595807e-05,0.0,1.4803859169650551e-06,6.0460534468993017e-05,0.04779993283085463
15.93,0.6965442674058113,6.172113841735241e-05,0.0,1.4787014850203706e-06,6.024243693233204e-05,0.047915560954872004
15.940000000000001,0.698510212889516,6.150054624997333e-05,0.0,1.4769586739308747e-06,6.002358757604246e-05,0.04803074977343035
15.95,0.700471566072284,6.127915438962564e-05,0.0,1.4751576556733024e-06,5.980399673395234e-05,0.04814549646993959
15.96,0.7024282853715397,6.105697335810063e-05,0.0,1.4732986079579965e-06,5.958367475014263e-05,0.048259798248336504
15.969999999999999,0.7043803294297072,6.083401369269683e-05,0.0,1.4713817142036152e-06,5.936263197849322e-05,0.048373652333258944
15.98,0.7063276571162611,6.061028594574016e-05,0.0,1.4694071635110013e-06,5.914087878222916e-05,0.0484870559702177
15.99,0.7082702275297837,6.038580068410531e-05,0.0,1.4673751506363502e-06,5.891842553346896e-05,0.0486000064257686
16.0,0.7102080000000006,6.0160568488736446e-05,0.0,1.465285875963559e-06,5.8695282612772885e-05,0.048712500987682546
16.009999999999998,0.7121409340898167,5.9934599954168965e-05,0.0,1.463139545475862e-06,5.84714604086931e-05,0.04882453696511536
16.02,0.7140689895973379,5.9707905688050906e-05,0.0,1.460936370726681e-06,5.8246969317324226e-05,0.04893611168877599
16.03,0.7159921265578721,5.948049631066545e-05,0.0,1.4586765688097284e-06,5.802181974185572e-05,0.04904722251109303
16.04,0.7179103052459451,5.925238245445295e-05,0.0,1.4563603623283944e-06,5.779602209212456e-05,0.04915786680638175
16.05,0.7198234861772803,5.902357476353343e-05,0.0,1.453987979364349e-06,5.756958678416908e-05,0.049268041971008064
16.060000000000002,0.7217316301107782,5.879408389322998e-05,0.0,1.4515596534454414e-06,5.734252423978454e-05,0.04937774542355223
16.07,0.7236346980504936,5.856392050959182e-05,0.0,1.4490756235128772e-06,5.711484488607894e-05,0.04948697460497175
16.08,0.7255326512475908,5.8333095288917767e-05,0.0,1.4465361338876439e-06,5.688655915503012e-05,0.049595726978762245
16.09,0.7274254512022862,5.8101618917280285e-05,0.0,1.4439414342362259e-06,5.665767748304406e-05,0.04970400003111708
16.1,0.7293130596658003,5.7869502090049974e-05,0.0,1.4412917795356528e-06,5.642821031051432e-05,0.04981179127108706
16.11,0.7311954386422646,5.7636755511419954e-05,0.0,1.4385874300377557e-06,5.61981680813822e-05,0.049919098230736425
16.12,0.7330725503906581,5.740338989393063e-05,0.0,1.4358286512328141e-06,5.596756124269782e-05,0.050025918465300495
16.13,0.7349443574266918,5.71694159579956e-05,0.0,1.433015713812439e-06,5.5736400244183163e-05,0.050132249553339024
16.14,0.7368108225247223,5.69348444314265e-05,0.0,1.4301488936318212e-06,5.550469553779467e-05,0.050238089096891175
16.15,0.7386719087196136,5.669968604895988e-05,0.0,1.4272284716712564e-06,5.527245757728862e-05,0.05034343472162622
16.16,0.7405275793086273,5.6463951551782726e-05,0.0,1.4242547339970286e-06,5.5039696817785696e-05,0.0504482840769957
16.17,0.7423777978532659,5.622765168705992e-05,0.0,1.4212279717216015e-06,5.480642371533832e-05,0.05055263483638172
16.18,0.7442225281811266,5.59907972074611e-05,0.0,1.4181484809631636e-06,5.4572648726497934e-05,0.050656484697245464
16.19,0.7460617343877435,5.575339887068776e-05,0.0,1.4150165628045167e-06,5.433838230788324e-05,0.050759831381274184
16.2,0.7478953808384003,5.5515467439001846e-05,0.0,1.411832523251309e-06,5.4103634915750536e-05,0.05086267263452563
16.21,0.7497234321699504,5.5277013678753266e-05,0.0,1.40859667318963e-06,5.386841700556364e-05,0.050965006227572315
16.22,0.7515458532926111,5.503804835990925e-05,0.0,1.405309328342983e-06,5.363273903156627e-05,0.05106682995564344
16.23,0.7533626093917632,5.479858225558265e-05,0.0,1.4019708092286245e-06,5.339661144635403e-05,0.05116814163876649
16.240000000000002,0.7551736659297136,5.4558626141561995e-05,0.0,1.3985814411132747e-06,5.316004470044872e-05,0.0512689391219056
16.25,0.7569789886474609,5.4318190795841044e-05,0.0,1.3951415539682222e-06,5.292304924187282e-05,0.05136922027509957
16.259999999999998,0.7587785435664585,5.4077286998148904e-05,0.0,1.3916514824238467e-06,5.2685635515725054e-05,0.05146898299359891
16.27,0.7605722969903431,5.383592552948074e-05,0.0,1.388111565723509e-06,5.244781396375723e-05,0.051568225197999966
16.28,0.7623602155066602,5.3594117171629145e-05,0.0,1.384522147676878e-06,5.2209595023952264e-05,0.051666944834378045
16.29,0.7641422659885789,5.335187270671525e-05,0.0,1.3808835766126597e-06,5.197098913010259e-05,0.051765139874419136
16.3,0.7659184155965998,5.3109202916720505e-05,0.0,1.3771962053307753e-06,5.173200671138973e-05,0.051862808315550485
16.310000000000002,0.7676886317802322,5.286611858301951e-05,0.0,1.3734603910539533e-06,5.149265819196555e-05,0.05195994818106832
16.32,0.7694528822796776,5.262263048591239e-05,0.0,1.369676495378782e-06,5.125295399053361e-05,0.052056557520265286
16.33,0.7712111351274821,5.237874940415788e-05,0.0,1.3658448842261814e-06,5.10129045199317e-05,0.05215263440855497
16.34,0.7729633586501956,5.2134486114507086e-05,0.0,1.3619659277913835e-06,5.0772520186715705e-05,0.05224817694759627
16.35,0.7747095214699968,5.188985139123772e-05,0.0,1.3580400004933414e-06,5.053181139074438e-05,0.05234318326541456
16.36,0.7764495925063213,5.164485600568838e-05,0.0,1.3540674809236321e-06,5.0290788524764745e-05,0.05243765151652236
16.37,0.7781835409774716,5.1399510725793214e-05,0.0,1.3500487517948372e-06,5.004946197399838e-05,0.05253157988203799
16.38,0.7799113364022006,5.1153826315618024e-05,0.0,1.345984199888419e-06,4.9807842115729606e-05,0.05262496656980164
16.39,0.7816329486013109,5.090781353489527e-05,0.0,1.3418742160021086e-06,4.9565939318893166e-05,0.052717809814491735
16.4,0.7833483476991993,5.0661483138561095e-05,0.0,1.337719194896776e-06,4.932376394366432e-05,0.05281010787773673
16.41,0.7850575041254331,5.041484587629149e-05,0.0,1.3335195352428662e-06,4.9081326341048626e-05,0.052901859048228424
16.42,0.7867603886162653,5.016791249203991e-05,0.0,1.3292756395663029e-06,4.883863685247361e-05,0.05299306164183003
16.43,0.788456972216187,4.992069372357488e-05,0.0,1.324987914194013e-06,4.859570580938086e-05,0.05308371400168632
16.44,0.7901472262794124,4.967320030201787e-05,0.0,1.3206567691988938e-06,4.835254353281897e-05,0.05317381449832798
16.45,0.7918311224713921,4.9425442951382356e-05,0.0,1.3162826183444337e-06,4.810916033303792e-05,0.053263361529777425
16.46,0.7935086327702885,4.917743238811242e-05,0.0,1.3118658790288282e-06,4.78655665090836e-05,0.053352353521650846
16.47,0.7951797294684396,4.892917932062294e-05,0.0,1.3074069722287074e-06,4.762177234839423e-05,0.05344078892725897
16.48,0.7968443851738305,4.8680694448838916e-05,0.0,1.30290632244245e-06,4.7377788126396465e-05,0.05352866622770726
16.490000000000002,0.7985025728115016,4.8431988463736675e-05,0.0,1.2983643576330393e-06,4.7133624106103634e-05,0.05361598393199098
16.5,0.8001542656249998,4.818307204688467e-05,0.0,1.2937815091706028e-06,4.688929053771406e-05,0.05370274057709252
16.509999999999998,0.8017994371777741,4.793395586998475e-05,0.0,1.2891582117744884e-06,4.6644797658210265e-05,0.05378893472807373
16.52,0.8034380613545675,4.768465059441436e-05,0.0,1.2844949034549945e-06,4.640015569095937e-05,0.05387456497816747
16.53,0.8050701123628041,4.743516687076927e-05,0.0,1.2797920254547516e-06,4.6155374845314525e-05,0.0539596299488678
16.54,0.8066955647339416,4.718551533840645e-05,0.0,1.2750500221896986e-06,4.591046531621676e-05,0.054044128290016875
16.55,0.8083143933248274,4.6935706624987165e-05,0.0,1.2702693411897343e-06,4.566543728379743e-05,0.05412805867989132
16.560000000000002,0.809926573319028,4.6685751346021686e-05,0.0,1.265450433039043e-06,4.5420300912982644e-05,0.05421141982528586
16.57,0.8115320802281463,4.643566010441345e-05,0.0,1.260593751316062e-06,4.517506635309739e-05,0.0542942104615952
16.58,0.8131308898931231,4.618544349000397e-05,0.0,1.255699752533138e-06,4.492974373747083e-05,0.05437642935289394
16.59,0.8147229784855226,4.59351120791185e-05,0.0,1.2507688960758795e-06,4.468434318304262e-05,0.054458075292014484
16.6,0.8163083225087999,4.5684676434112416e-05,0.0,1.2458016441422086e-06,4.443887478997021e-05,0.054539147100622895
16.61,0.8178868987995584,4.5434147102917384e-05,0.0,1.2407984616811126e-06,4.419334864123627e-05,0.05461964362929306
16.62,0.8194586845287877,4.518353461858838e-05,0.0,1.2357598163311162e-06,4.394777480225727e-05,0.05469956375757854
16.63,0.8210236572030798,4.4932849498852e-05,0.0,1.2306861783585016e-06,4.37021633204935e-05,0.05477890639408233
16.64,0.8225817946658387,4.468210224565364e-05,0.0,1.225578020595228e-06,4.345652422505841e-05,0.054857670476524796
16.65,0.8241330750984726,4.443130334470708e-05,0.0,1.2204358183766613e-06,4.3210867526330423e-05,0.054935854971809944
16.66,0.8256774770215622,4.418046326504297e-05,0.0,1.2152600494789963e-06,4.296520321556398e-05,0.055013458876088786
16.67,0.8272149792960148,4.392959245855916e-05,0.0,1.2100511940564978e-06,4.271954126450266e-05,0.055090481214821
16.68,0.8287455611242074,4.3678701359570665e-05,0.0,1.2048097345784992e-06,4.2473891624992166e-05,0.055166921042834854
16.69,0.8302692020511155,4.342780038436031e-05,0.0,1.1995361557662022e-06,4.2228264228594106e-05,0.055242777444385244
16.7,0.8317858819654,4.31768999307306e-05,0.0,1.1942309445292556e-06,4.198266898620134e-05,0.055318049533207785
16.71,0.8332955811005183,4.2926010377555025e-05,0.0,1.1888945899021779e-06,4.1737115787652846e-05,0.05539273645257385
16.72,0.8347982800357843,4.267514208433112e-05,0.0,1.183527582980584e-06,4.1491614501350534e-05,0.05546683737534108
16.73,0.8362939596974253,4.242430539073277e-05,0.0,1.1781304168572253e-06,4.124617497387554e-05,0.055540351504002605
16.740000000000002,0.8377826013596146,4.2173510616164345e-05,0.0,1.1727035865578967e-06,4.1000807029606446e-05,0.05561327807073384
16.75,0.8392641866455064,4.192276805931453e-05,0.0,1.1672475889772044e-06,4.0755520470337325e-05,0.05568561633743847
16.759999999999998,0.8407386975282254,4.167208799771086e-05,0.0,1.1617629228141543e-06,4.0510325074896706e-05,0.05575736559579028
16.77,0.8422061163318513,4.142148068727498e-05,0.0,1.1562500885076373e-06,4.0265230598767344e-05,0.05582852516727374
16.78,0.8436664257323954,4.117095636187857e-05,0.0,1.150709588171817e-06,4.0020246773706754e-05,0.055899094403223215
16.79,0.8451196087587463,4.0920525232899594e-05,0.0,1.1451419255313812e-06,3.977538330736821e-05,0.05596907268485896
16.8,0.846565648793602,4.0670197488778825e-05,0.0,1.139547605856698e-06,3.9530649882922124e-05,0.0560384594233213
16.810000000000002,0.8480045295743757,4.0419983294577726e-05,0.0,1.1339271358988918e-06,3.928605615867883e-05,0.056107254059702
16.82,0.8494362351941172,4.01698927915364e-05,0.0,1.1282810238248834e-06,3.9041611767711516e-05,0.05617545606507601
16.83,0.8508607501023551,3.991993609663172e-05,0.0,1.1226097791522602e-06,3.879732631747946e-05,0.05624306494052636
16.84,0.8522780591059858,3.967012330213682e-05,0.0,1.11691391268421e-06,3.855320938945261e-05,0.056310080217171786
16.85,0.8536881473701063,3.9420464475180884e-05,0.0,1.1111939364443485e-06,3.8309270538736536e-05,0.05637650145618938
16.86,0.8550910004188184,3.917096965730929e-05,0.0,1.1054503636114874e-06,3.80655192936978e-05,0.05644232824883418
16.87,0.8564866041360741,3.892164886404413e-05,0.0,1.099683708454462e-06,3.782196515558967e-05,0.056507560216460986
16.88,0.8578749447664153,3.8672512084446304e-05,0.0,1.0938944862668464e-06,3.757861759817946e-05,0.05657219701053761
16.89,0.8592560089157697,3.8423569280676806e-05,0.0,1.0880832133017313e-06,3.733548606737508e-05,0.05663623831266129
16.9,0.8606297835521983,3.817483038755995e-05,0.0,1.0822504067065094e-06,3.709257998085345e-05,0.05669968383457089
16.91,0.8619962560066079,3.7926305312145895e-05,0.0,1.0763965844576086e-06,3.6849908727688285e-05,0.05676253331815544
16.92,0.8633554139734794,3.767800393327495e-05,0.0,1.070522265295347e-06,3.66074816679796e-05,0.05682478653546325
16.93,0.8647072455115328,3.742993610114167e-05,0.0,1.0646279686587305e-06,3.636530813248294e-05,0.05688644328870535
16.94,0.8660517390444404,3.71821116368594e-05,0.0,1.0587142146203909e-06,3.612339742223901e-05,0.05694750341026169
16.95,0.8673888833614396,3.6934540332026595e-05,0.0,1.052781523821503e-06,3.588175880820509e-05,0.05700796676267919
16.96,0.8687186676179837,3.6687231948291916e-05,0.0,1.0468304174067958e-06,3.564040153088512e-05,0.05706783323867169
16.97,0.8700410813363595,3.644019621692183e-05,0.0,1.0408614169596744e-06,3.539933479996216e-05,0.05712710276111668
16.98,0.871356114406264,3.619344283836707e-05,0.0,1.0348750444373535e-06,3.5158567793929716e-05,0.05718577528304813
16.990000000000002,0.8726637570853968,3.594698148183112e-05,0.0,1.0288718221061748e-06,3.4918109659724945e-05,0.05724385078764974
17.0,0.8739639999999995,3.5700821784838414e-05,0.0,1.0228522724769624e-06,3.467796951236145e-05,0.05730132928824355
17.009999999999998,0.8752568341454028,3.545497335280314e-05,0.0,1.016816918240531e-06,3.443815643456261e-05,0.05735821082827803
17.02,0.8765422508865326,3.52094457585992e-05,0.0,1.0107662822033087e-06,3.419867947639589e-05,0.057414495481312666
17.03,0.8778202419583996,3.4964248542130445e-05,0.0,1.0047008872230928e-06,3.395954765490735e-05,0.05747018335100042
17.04,0.8790907994665842,3.471939120990141e-05,0.0,9.986212561449691e-07,3.372076995375644e-05,0.057525274571069006
17.05,0.8803539158876852,3.447488323458858e-05,0.0,9.92527911737361e-07,3.3482355322851216e-05,0.057579769305298754
17.060000000000002,0.8816095840697498,3.4230734054612826e-05,0.0,9.864213766282664e-07,3.324431267798456e-05,0.05763366774749836
17.07,0.8828577972326781,3.3986953073711785e-05,0.0,9.803021732416425e-07,3.300665090047014e-05,0.05768697012147796
17.08,0.8840985489686433,3.3743549660513074e-05,0.0,9.74170823734026e-07,3.276937883677905e-05,0.05773967668102251
17.09,0.8853318332424289,3.3500533148108155e-05,0.0,9.680278499312719e-07,3.253250529817688e-05,0.05779178770985848
17.1,0.8865576443917988,3.3257912833627036e-05,0.0,9.618737732655689e-07,3.229603906036147e-05,0.057843303521622036
17.11,0.8877759771278206,3.30156979778132e-05,0.0,9.55709114712624e-07,3.205998886310058e-05,0.057894224459823174
17.12,0.8889868265351732,3.2773897804598955e-05,0.0,9.495343947290673e-07,3.182436340986989e-05,0.05794455089780778
17.13,0.8901901880724226,3.253252150068233e-05,0.0,9.433501331901087e-07,3.1589171367492223e-05,0.05799428323871687
17.14,0.8913860575723251,3.2291578215103327e-05,0.0,9.37156849327448e-07,3.135442136577588e-05,0.05804342191544689
17.15,0.892574431242021,3.2051077058822114e-05,0.0,9.309550616673726e-07,3.112012199715474e-05,0.05809196739060135
17.16,0.8937553056632901,3.181102710429642e-05,0.0,9.247452879691708e-07,3.088628181632725e-05,0.05813992015644626
17.17,0.8949286777927403,3.157143738506085e-05,0.0,9.185280451637955e-07,3.065290933989705e-05,0.058187280734860035
17.18,0.8960945449619959,3.133231689530611e-05,0.0,9.123038492928069e-07,3.0420013046013302e-05,0.058234049677282504
17.19,0.8972529048778521,3.109367458945854e-05,0.0,9.060732154475788e-07,3.0187601374010964e-05,0.058280227564660884
17.2,0.8984037556223967,3.085551938176143e-05,0.0,8.998366577088184e-07,2.9955682724052612e-05,0.05832581500739269
17.21,0.8995470956531548,3.061786014585551e-05,0.0,8.935946890863979e-07,2.9724265456769114e-05,0.0583708126452695
17.22,0.9006829238031284,3.0380705714361407e-05,0.0,8.873478214594409e-07,2.9493357892901967e-05,0.05841522114741256
17.23,0.9018112392809354,3.0144064878461424e-05,0.0,8.810965655168263e-07,2.9262968312944596e-05,0.058459041212214784
17.240000000000002,0.9029320416708062,2.9907946387483283e-05,0.0,8.748414306979245e-07,2.903310495678536e-05,0.05850227356727192
17.25,0.9040453309326169,2.9672358948483414e-05,0.0,8.685829251337031e-07,2.880377602334971e-05,0.05854491896931554
17.259999999999998,0.9051511074019016,2.9437311225831168e-05,0.0,8.623215555881874e-07,2.857498967024298e-05,0.05858697820414402
17.27,0.9062493717898299,2.9202811840793944e-05,0.0,8.560578274002648e-07,2.834675401339368e-05,0.05862845208655023
17.28,0.9073401251831608,2.8968869371122883e-05,0.0,8.497922444258503e-07,2.8119077126697034e-05,0.058669341460247056
17.29,0.9084233690441721,2.8735492350638827e-05,0.0,8.435253089804043e-07,2.7891967041658422e-05,0.05870964719779034
17.3,0.9094991052106005,2.8502689268818937e-05,0.0,8.372575217818613e-07,2.7665431747037075e-05,0.0587493702005021
17.310000000000002,0.9105673358954767,2.8270468570384654e-05,0.0,8.309893818938797e-07,2.7439479188490773e-05,0.05878851139838557
17.32,0.9116280636870484,2.803883865488939e-05,0.0,8.247213866695695e-07,2.721411726821982e-05,0.058827071750045916
17.33,0.9126812915485809,2.780780787630715e-05,0.0,8.184540316955243e-07,2.6989353844611623e-05,0.05886505224260159
17.34,0.9137270228181902,2.7577384542622023e-05,0.0,8.121878107363234e-07,2.6765196731885698e-05,0.058902453891597484
17.35,0.9147652612086508,2.7347576915418193e-05,0.0,8.059232156794431e-07,2.654165369973875e-05,0.05893927774091565
17.36,0.9157960108071501,2.7118393209470396e-05,0.0,7.996607364805495e-07,2.6318732472989845e-05,0.058975524862681664
17.37,0.9168192760750427,2.6889841592334968e-05,0.0,7.934008611092423e-07,2.6096440731225724e-05,0.05901119635717034
17.38,0.9178350618475757,2.6661930183942087e-05,0.0,7.871440754952464e-07,2.587478610844684e-05,0.059046293352709056
17.39,0.9188433733335937,2.643466705618768e-05,0.0,7.808908634750132e-07,2.5653776192712666e-05,0.059080817005578795
17.4,0.9198442161152016,2.6208060232527242e-05,0.0,7.746417067387982e-07,2.5433418525788443e-05,0.05911476849991195
17.41,0.9208375961474418,2.5982117687568756e-05,0.0,7.683970847781761e-07,2.521372060279058e-05,0.05914814904759042
17.42,0.9218235197578997,2.575684734666772e-05,0.0,7.621574748340218e-07,2.49946898718337e-05,0.05918095988813829
17.43,0.9228019936463228,2.5532257085521974e-05,0.0,7.559233518449658e-07,2.4776333733677007e-05,0.05921320228861481
17.44,0.9237730248841975,2.530835472976693e-05,0.0,7.496951883963016e-07,2.4558659541370626e-05,0.059244877543504056
17.45,0.924736620914298,2.5085148054572496e-05,0.0,7.434734546694009e-07,2.4341674599903096e-05,0.05927598697460199
17.46,0.9256927895502303,2.486264478423934e-05,0.0,7.372586183915936e-07,2.4125386165847746e-05,0.05930653193090291
17.47,0.9266415389759377,2.4640852591797097e-05,0.0,7.310511447865676e-07,2.390980144701053e-05,0.05933651378848258
17.48,0.9275828777451687,2.4419779098601813e-05,0.0,7.24851496525211e-07,2.3694927602076602e-05,0.05936593395037823
17.490000000000002,0.9285168147809433,2.419943187393538e-05,0.0,7.186601336770226e-07,2.3480771740258357e-05,0.05939479384646828
17.5,0.929443359375,2.3979818434604768e-05,0.0,7.124775136620075e-07,2.326734092094276e-05,0.05942309493334998
17.509999999999998,0.930362521187182,2.3760946244541892e-05,0.0,7.063040912030581e-07,2.3054642153338835e-05,0.05945083869421258
17.52,0.9312743102448309,2.3542822714404533e-05,0.0,7.001403182788961e-07,2.2842682396125635e-05,0.05947802663871053
17.53,0.932178736942137,2.3325455201177897e-05,0.0,6.939866440775245e-07,2.2631468557100374e-05,0.059504660302833384
17.54,0.9330758120394789,2.3108851007776333e-05,0.0,6.878435149502065e-07,2.2421007492826127e-05,0.05953074124877443
17.55,0.9339655466627335,2.2893017382645896e-05,0.0,6.817113743659844e-07,2.221130600827991e-05,0.059556271064797016
17.560000000000002,0.9348479523025377,2.2677961519368005e-05,0.0,6.755906628667323e-07,2.2002370856501274e-05,0.05958125136509711
17.57,0.9357230408135666,2.2463690556263144e-05,0.0,6.694818180227719e-07,2.179420873824037e-05,0.05960568378966673
17.58,0.9365908244137535,2.225021157599527e-05,0.0,6.633852743890117e-07,2.158682630160626e-05,0.05962957000415291
17.59,0.9374513156834836,2.203753160517716e-05,0.0,6.573014634616514e-07,2.1380230141715508e-05,0.05965291169971461
17.6,0.9383045275648012,2.1825657613976476e-05,0.0,6.512308136354777e-07,2.1174426800340998e-05,0.059675710592880335
17.61,0.9391504733605247,2.1614596515721963e-05,0.0,6.451737501616535e-07,2.096942276556031e-05,0.059697968425398915
17.62,0.9399891667334064,2.1404355166510446e-05,0.0,6.391306951061373e-07,2.076522447140431e-05,0.05971968696409319
17.63,0.9408206217052042,2.119494036481511e-05,0.0,6.331020673086429e-07,2.0561838297506466e-05,0.05974086800070746
17.64,0.9416448526557835,2.0986358851093282e-05,0.0,6.270882823421833e-07,2.03592705687511e-05,0.0597615133517566
17.65,0.9424618743221282,2.0778617307396033e-05,0.0,6.210897524731796e-07,2.0157527554922853e-05,0.05978162485836881
17.66,0.9432717017974035,2.0571722356977433e-05,0.0,6.151068866221807e-07,1.9956615470355253e-05,0.05980120438613165
17.67,0.9440743505299145,2.036568056390518e-05,0.0,6.091400903251336e-07,1.9756540473580047e-05,0.05982025382493077
17.68,0.9448698363220975,2.0160498432671503e-05,0.0,6.031897656952731e-07,1.955730866697623e-05,0.05983877508879063
17.69,0.9456581753294335,1.995618240780455e-05,0.0,5.972563113855633e-07,1.9358926096418987e-05,0.05985677011570968
17.7,0.9464393840594023,1.975273887348109e-05,0.0,5.913401225518026e-07,1.9161398750929287e-05,0.05987424086749838
17.71,0.9472134793703222,1.9550174153138844e-05,0.0,5.854415908162322e-07,1.896473256232261e-05,0.05989118932960888
17.72,0.9479804784702486,1.9348494509090704e-05,0.0,5.79561104231845e-07,1.8768933404858858e-05,0.059907617510969
17.73,0.9487403989157825,1.9147706142138213e-05,0.0,5.736990472472104e-07,1.8574007094891e-05,0.05992352744380959
17.740000000000002,0.9494932586108886,1.8947815191186954e-05,0.0,5.678558006719698e-07,1.8379959390514984e-05,0.059938921183492665
17.75,0.9502390758056651,1.8748827732861847e-05,0.0,5.620317416429033e-07,1.8186795991218944e-05,0.059953800808336094
17.759999999999998,0.9509778690950901,1.855074978112305e-05,0.0,5.562272435906061e-07,1.7994522537532443e-05,0.05996816841943652
17.77,0.9517096574177502,1.8353587286882915e-05,0.0,5.504426762067992e-07,1.7803144610676114e-05,0.059982026140491224
17.78,0.9524344600545467,1.8157346137623463e-05,0.0,5.446784054122515e-07,1.7612667732211212e-05,0.05999537611761828
17.79,0.9531522966273411,1.7962032157014405e-05,0.0,5.389347933252945e-07,1.742309736368911e-05,0.060008220519172546
17.8,0.9538631870976011,1.776765110453149e-05,0.0,5.332121982309616e-07,1.723443890630053e-05,0.0600205615355617
17.810000000000002,0.9545671517650147,1.7574208675076325e-05,0.0,5.275109745507717e-07,1.7046697700525554e-05,0.06003240137906018
17.82,0.9552642112660745,1.738171049859615e-05,0.0,5.218314728131092e-07,1.685987902578304e-05,0.0600437422836211
17.83,0.9559543865726239,1.7190162139704284e-05,0.0,5.161740396242202e-07,1.6673988100080064e-05,0.060054586504685495
17.84,0.9566376989904026,1.69995690973015e-05,0.0,5.105390176398576e-07,1.6489030079661642e-05,0.06006493631899178
17.85,0.9573141701575065,1.680993680419818e-05,0.0,5.04926745537519e-07,1.630501005866066e-05,0.06007479402437927
17.86,0.9579838220429133,1.6621270626736558e-05,0.0,4.993375579893489e-07,1.612193306874721e-05,0.060084161939596495
17.87,0.9586466769448543,1.6433575864413833e-05,0.0,4.937717856355973e-07,1.5939804078778235e-05,0.06009304240409878
17.88,0.9593027574892821,1.6246857749506456e-05,0.0,4.882297550587957e-07,1.575862799444766e-05,0.06010143777785302
17.89,0.9599520866282392,1.606112144669401e-05,0.0,4.827117887584824e-07,1.557840965793553e-05,0.06010935044113533
17.9,0.9605946876382006,1.58763720526849e-05,0.0,4.772182051265946e-07,1.5399153847558306e-05,0.06011678279432747
17.91,0.9612305841183977,1.5692614595841587e-05,0.0,4.7174931842345743e-07,1.522086527741813e-05,0.06012373725771193
17.92,0.9618597999891345,1.5509854035807477e-05,0.0,4.663054387544427e-07,1.5043548597053034e-05,0.0601302162712669
17.93,0.9624823594900334,1.5328095263133688e-05,0.0,4.6088687204720645e-07,1.4867208391086481e-05,0.060136222294456476
17.94,0.9630982871782829,1.5147343098906596e-05,0.0,4.5549392002957494e-07,1.4691849178877022e-05,0.06014175780602138
17.95,0.9637076079268452,1.4967602294376668e-05,0.0,4.501268802080686e-07,1.4517475414168599e-05,0.06014682530376711
17.96,0.9643103469226331,1.4788877530586819e-05,0.0,4.4478604584701675e-07,1.4344091484739802e-05,0.06015142730435036
17.97,0.9649065296646544,1.4611173418002555e-05,0.0,4.3947170594832834e-07,1.4171701712054227e-05,0.06015556634306337
17.98,0.9654961819621359,1.4434494496141833e-05,0.0,4.3418414523186425e-07,1.400031035090997e-05,0.060159244973617396
17.990000000000002,0.9660793299326187,1.425884523320624e-05,0.0,4.289236441164511e-07,1.3829921589089789e-05,0.060162465767924375
18.0,0.9666559999999977,1.4084230025712412e-05,0.0,4.2369047870149156e-07,1.366053954701092e-05,0.06016523131587527
18.009999999999998,0.967226218892578,1.3910653198124149e-05,0.0,4.1848492074921926e-07,1.349216827737493e-05,0.06016754422511977
18.02,0.9677900136410615,1.3738119002485254e-05,0.0,4.133072376675544e-07,1.33248117648177e-05,0.06016940712084184
18.03,0.9683474115764881,1.3566631618053143e-05,0.0,4.081576924935728e-07,1.315847392555957e-05,0.06017082264553223
18.04,0.9688984403282266,1.3396195150932908e-05,0.0,4.030365438776243e-07,1.2993158607055284e-05,0.060171793458765326
18.05,0.9694431278218438,1.3226813633711744e-05,0.0,3.9794404606800895e-07,1.2828869587643736e-05,0.06017232223696748
18.060000000000002,0.9699815022769984,1.305849102509476e-05,0.0,3.928804488963166e-07,1.2665610576198443e-05,0.06017241167318804
18.07,0.9705135922052879,1.2891231209540853e-05,0.0,3.8784599776334853e-07,1.2503385211777504e-05,0.06017206447686737
18.08,0.971039426408046,1.2725037996899165e-05,0.0,3.8284093362563574e-07,1.234219706327353e-05,0.06017128337360193
18.09,0.9715590339741622,1.2559915122046557e-05,0.0,3.7786549298259807e-07,1.2182049629063959e-05,0.06017007110491163
18.1,0.9720724442777993,1.2395866244525628e-05,0.0,3.729199078642702e-07,1.2022946336661358e-05,0.060168430428000526
18.11,0.9725796869761449,1.2232894948183236e-05,0.0,3.68004405819652e-07,1.1864890542363585e-05,0.0601663641155205
18.12,0.9730807920070923,1.2071004740809457e-05,0.0,3.6311920990563124e-07,1.1707885530903825e-05,0.06016387495533056
18.130000000000003,0.9735757895868984,1.1910199053777794e-05,0.0,3.5826453867652445e-07,1.1551934515101269e-05,0.060160965750255306
18.14,0.9740647102078119,1.1750481241685583e-05,0.0,3.5344060617419396e-07,1.1397040635511389e-05,0.06015763931784186
18.15,0.9745475846356744,1.1591854581994889e-05,0.0,3.4864762191875084e-07,1.1243206960076137e-05,0.060153898490115584
18.16,0.975024443907512,1.143432227467443e-05,0.0,3.438857908998638e-07,1.1090436483774567e-05,0.06014974611333583
18.17,0.975495319329017,1.1277887441842123e-05,0.0,3.3915531356861557e-07,1.0938732128273507e-05,0.06014518504774475
18.18,0.975960242472099,1.1122553127407942e-05,0.0,3.344563858299696e-07,1.0788096741577972e-05,0.06014021816732163
18.189999999999998,0.9764192451723304,1.0968322296717527e-05,0.0,3.2978919903578333e-07,1.0638533097681744e-05,0.060134848359530584
18.2,0.9768723595264062,1.0815197836196553e-05,0.0,3.2515393997841466e-07,1.0490043896218138e-05,0.06012907852506997
18.21,0.977319617889508,1.0663182552995879e-05,0.0,3.205507908848749e-07,1.0342631762111004e-05,0.06012291157761608
18.22,0.9777610528727392,1.0512279174636877e-05,0.0,3.159799294115686e-07,1.0196299245225308e-05,0.06011635044357228
18.23,0.9781966973404339,1.0362490348657574e-05,0.0,3.1144152863956305e-07,1.0051048820018011e-05,0.06010939806181035
18.240000000000002,0.9786265844074578,1.0213818642259832e-05,0.0,3.0693575707043236e-07,9.906882885189399e-06,0.06010205738341211
18.25,0.9790507474365224,1.0066266541956573e-05,0.0,3.024627786226514e-07,9.763803763333921e-06,0.0600943313714127
18.259999999999998,0.9794692200353854,9.919836453219865e-06,0.0,2.980227526285113e-07,9.621813700591354e-06,0.06008622300053677
18.27,0.9798820360540965,9.774530700129787e-06,0.0,2.936158338316093e-07,9.480914866298177e-06,0.06007773525693886
18.28,0.9802892295821675,9.630351525023812e-06,0.0,2.89242172384856e-07,9.341109352638956e-06,0.06006887113793924
18.29,0.9806908349457233,9.487301088146774e-06,0.0,2.849019138490169e-07,9.202399174297757e-06,0.06005963365175941
18.3,0.9810868867046008,9.34538146730141e-06,0.0,2.805951991917723e-07,9.064786268109636e-06,0.06005002581725484
18.310000000000002,0.9814774196494547,9.204594657499812e-06,0.0,2.763221647873216e-07,8.92827249271249e-06,0.060040050663649175
18.32,0.9818624687987914,9.064942570615246e-06,0.0,2.720829424164818e-07,8.792859628198765e-06,0.06002971123026436
18.33,0.9822420693959755,8.92642703503462e-06,0.0,2.6787765926730064e-07,8.65854937576732e-06,0.060019010566249864
18.34,0.9826162569062218,8.789049795311664e-06,0.0,2.637064379361845e-07,8.52534335737548e-06,0.06000795173031178
18.35,0.9829850670135603,8.652812511820855e-06,0.0,2.595693964295315e-07,8.393243115391324e-06,0.059996537790441264
18.36,0.9833485356176981,8.517716760411763e-06,0.0,2.554666481658323e-07,8.262250112245932e-06,0.05998477182363658
18.37,0.9837066988309751,8.383764032063915e-06,0.0,2.513983019782957e-07,8.132365730085618e-06,0.059972656915632805
18.380000000000003,0.9840595929751323,8.25095573254274e-06,0.0,2.4736446211792594e-07,8.003591270424816e-06,0.05996019616061965
18.39,0.9844072545781986,8.119293182055818e-06,0.0,2.433652282571118e-07,7.875927953798707e-06,0.05994739266096839
18.4,0.984749720371199,7.988777614909613e-06,0.0,2.394006954936435e-07,7.74937691941597e-06,0.05993424952694771
18.41,0.9850870272849583,7.859410179167169e-06,0.0,2.354709543552404e-07,7.6239392248119285e-06,0.059920769876446976
18.42,0.9854192124467831,7.731191936306371e-06,0.0,2.3157609080451408e-07,7.499615845501857e-06,0.05990695683469246
18.43,0.9857463131771373,7.604123860878688e-06,0.0,2.2771618624438741e-07,7.3764076746343005e-06,0.059892813533964154
18.439999999999998,0.9860683669862977,7.478206840168468e-06,0.0,2.2389131752396266e-07,7.254315522644505e-06,0.05987834311331214
18.45,0.9863854115709536,7.353441673853098e-06,0.0,2.2010155694483298e-07,7.133340116908265e-06,0.059863548718270564
18.46,0.9866974848107786,7.229829073663804e-06,0.0,2.1634697226783042e-07,7.0134821013959735e-06,0.0598484335005707
18.47,0.9870046247649764,7.1073696630468076e-06,0.0,2.1262762672019568e-07,6.8947420363266115e-06,0.05983300061785329
18.48,0.9873068696687746,6.986063976825143e-06,0.0,2.0894357900316693e-07,6.777120397821976e-06,0.05981725323337865
18.490000000000002,0.9876042579298918,6.8659124608615025e-06,0.0,2.0529488329999761e-07,6.660617577561505e-06,0.05980119451573613
18.5,0.9878968281249962,6.746915471721198e-06,0.0,2.0168158928437282e-07,6.545233882436825e-06,0.05978482763855408
18.509999999999998,0.9881846189960868,6.629073276335919e-06,0.0,1.981037421292223e-07,6.430969534206696e-06,0.05976815578020583
18.52,0.9884676694468206,6.5123860516682014e-06,0.0,1.945613825159268e-07,6.317824669152275e-06,0.05975118212351317
18.53,0.9887460185389312,6.396853884376574e-06,0.0,1.9105454664394127e-07,6.205799337732632e-06,0.05973390985545736
18.54,0.9890197054884204,6.282476770481055e-06,0.0,1.8758326624074808e-07,6.0948935042403075e-06,0.0597163421668759
18.55,0.9892887696618953,6.16925461502935e-06,0.0,1.8414756857222474e-07,5.985107046457126e-06,0.059698482252170317
18.560000000000002,0.9895532505727243,6.057187231763986e-06,0.0,1.8074747645335657e-07,5.8764397553106295e-06,0.059680333309003214
18.57,0.9898131878773082,5.9462743427896325e-06,0.0,1.7738300825932615e-07,5.768891334530306e-06,0.059661898538004146
18.58,0.9900686213711278,5.83651557824118e-06,0.0,1.7405417793691925e-07,5.662461400304261e-06,0.05964318114246173
18.59,0.990319590984928,5.727910475952586e-06,0.0,1.707609950163151e-07,5.557149480936271e-06,0.05962418432802637
18.6,0.9905661367808065,5.620458481126221e-06,0.0,1.6750346462319682e-07,5.4529550165030245e-06,0.05960491130240773
18.61,0.9908082989481652,5.5141589460027965e-06,0.0,1.642815874911704e-07,5.349877358511626e-06,0.0595853652750644
18.62,0.9910461177998293,5.409011129531875e-06,0.0,1.6109535997454302e-07,5.247915769557332e-06,0.05956554945690602
18.630000000000003,0.991279633767971,5.305014197043201e-06,0.0,1.579447740613911e-07,5.14706942298181e-06,0.05954546705998378
18.64,0.9915088874000109,5.202167219918436e-06,0.0,1.54829817386931e-07,5.047337402531505e-06,0.059525121297180655
18.65,0.9917339193545356,5.1004691752635384e-06,0.0,1.517504732471985e-07,4.94871870201634e-06,0.05950451538190411
18.66,0.9919547703972107,4.9999189455818055e-06,0.0,1.4870672061302596e-07,4.851212224968779e-06,0.05948365252777993
18.67,0.9921714813965217,4.900515318447603e-06,0.0,1.4569853414428054e-07,4.754816784303323e-06,0.059462535948335844
18.68,0.9923840933196129,4.802256986180583e-06,0.0,1.4272588420439716e-07,4.659531101976186e-06,0.059441168856693136
18.689999999999998,0.9925926472280278,4.7051425455204184e-06,0.0,1.3978873687516485e-07,4.565353808645253e-06,0.059419554465253016
18.700000000000003,0.9927971842734014,4.609170497302336e-06,0.0,1.3688705397177632e-07,4.47228344333056e-06,0.05939769598538124
18.71,0.9929977456931791,4.514339246133454e-06,0.0,1.340207930581444e-07,4.38031845307531e-06,0.05937559662709604
18.72,0.9931943728062098,4.42064710006902e-06,0.0,1.3118990746242623e-07,4.289457192606594e-06,0.05935325959874876
18.73,0.9933871070083615,4.328092270289971e-06,0.0,1.283943462928136e-07,4.199697923997158e-06,0.05933068810670781
18.740000000000002,0.9935759897681207,4.236672870780843e-06,0.0,1.256340544535452e-07,4.111038816327298e-06,0.05930788535504282
18.75,0.9937610626220703,4.146386918008254e-06,0.0,1.229089726611242e-07,4.02347794534713e-06,0.059284854545202145
18.759999999999998,0.9939423671703871,4.057232330599897e-06,0.0,1.2021903746075244e-07,3.937013293139144e-06,0.05926159887569318
18.77,0.994119945072339,3.969206929024346e-06,0.0,1.1756418124297835e-07,3.851642747781368e-06,0.059238121541764166
18.78,0.9942938380416102,3.882308435271466e-06,0.0,1.1494433226052067e-07,3.7673641030109454e-06,0.059214425735076
18.79,0.9944640878417843,3.7965344725332145e-06,0.0,1.1235941464529879e-07,3.6841750578879157e-06,0.059190514643386156
18.8,0.9946307362816071,3.711882564885115e-06,0.0,1.0980934842561827e-07,3.6020732164594968e-06,0.05916639145021924
18.810000000000002,0.9947938252102748,3.6283501369685816e-06,0.0,1.0729404954354297e-07,3.5210560874250387e-06,0.05914205933454104
18.82,0.9949533965128037,3.5459345136735046e-06,0.0,1.0481342987243261e-07,3.441121083801072e-06,0.059117521470439326
18.83,0.9951094921050974,3.4646329198215634e-06,0.0,1.0236739723460521e-07,3.3622655225869583e-06,0.059092781026786154
18.84,0.9952621539292501,3.3844424798501947e-06,0.0,9.99558554191797e-08,3.284486624431015e-06,0.05906784116691742
18.85,0.9954114239486636,3.3053602174972043e-06,0.0,9.757870420003872e-08,3.2077815132971656e-06,0.0590427050483016
18.86,0.9955573441431262,3.227383055485788e-06,0.0,9.523583935391458e-08,3.1321472161318735e-06,0.05901737582220751
18.87,0.9956999565038949,3.1505078152102054e-06,0.0,9.292715267860205e-08,3.0575806625316035e-06,0.058991856633373786
18.880000000000003,0.9958393030287347,3.074731216422279e-06,0.0,9.065253201128992e-08,2.984078684410989e-06,0.058966150619677346
18.89,0.9959754257169315,3.000049876918182e-06,0.0,8.841186124698766e-08,2.9116380156711946e-06,0.05894026091180139
18.9,0.996108366564199,2.926460312225924e-06,0.0,8.620502035704436e-08,2.8402552918688795e-06,0.058914190632898156
18.91,0.9962381675576069,2.8539589352935388e-06,0.0,8.403188540776476e-08,2.769927049885774e-06,0.058887942898254636
18.92,0.9963648706704475,2.782542056177776e-06,0.0,8.189232857909922e-08,2.7006497275986766e-06,0.05886152081495594
18.93,0.9964885178571183,2.712205881733376e-06,0.0,7.978621818340976e-08,2.6324196635499665e-06,0.05883492748155109
18.939999999999998,0.9966091510478492,2.6429465153029257e-06,0.0,7.771341868428765e-08,2.565233096618638e-06,0.05880816598771043
18.950000000000003,0.9967268121435033,2.574759956407321e-06,0.0,7.567379071543702e-08,2.499086165691884e-06,0.058781239413889345
18.96,0.996841543010289,2.507642100437017e-06,0.0,7.366719109960598e-08,2.433974909337411e-06,0.05875415083098795
18.97,0.9969533854743844,2.441588738343427e-06,0.0,7.169347286753949e-08,2.3698952654758877e-06,0.058726903300006364
18.98,0.997062381316681,2.3765955563313e-06,0.0,6.975248527698757e-08,2.3068430710543123e-06,0.05869949987170976
18.990000000000002,0.9971685722672472,2.3126581355515868e-06,0.0,6.784407383171305e-08,2.2448140617198736e-06,0.0586719435862765
19.0,0.9972719999999935,2.249771951794852e-06,0.0,6.596808030053234e-08,2.1838038714943194e-06,0.05864423747296119
19.009999999999998,0.9973727061271536,2.1879323751851932e-06,0.0,6.412434273634865e-08,2.1238080324488447e-06,0.05861638454974731
19.02,0.9974707321937188,2.1271346698749175e-06,0.0,6.231269549518872e-08,2.0648219743797287e-06,0.05858838782299845
19.03,0.9975661196719336,2.067373993739749e-06,0.0,6.053296925523637e-08,2.0068410244845127e-06,0.05856025028711525
19.04,0.997658909955657,2.0086453980745803e-06,0.0,5.878499103584065e-08,1.9498604070387397e-06,0.05853197492418519
19.05,0.9977491443547457,1.9509438272897336e-06,0.0,5.706858421650155e-08,1.893875243073232e-06,0.05850356470363544
19.060000000000002,0.99783686408934,1.8942641186080277e-06,0.0,5.538356855582583e-08,1.8388805500522018e-06,0.05847502258188118
19.07,0.9979221102841151,1.8386010017622623e-06,0.0,5.372976021043855e-08,1.7848712415518238e-06,0.05844635150197312
19.08,0.9980049239625952,1.7839490986932393e-06,0.0,5.210697175385174e-08,1.7318421269393875e-06,0.05841755439325104
19.09,0.9980853460412789,1.7303029232485077e-06,0.0,5.051501219527282e-08,1.6797879110532348e-06,0.0583886341709865
19.1,0.9981634173238092,1.6776568808816725e-06,0.0,4.895368699835513e-08,1.6287031938833173e-06,0.05835959373603034
19.11,0.998239178495048,1.6260052683521669e-06,0.0,4.742279809987171e-08,1.5785824702522953e-06,0.058330435974455516
19.12,0.9983126701152276,1.5753422734256393e-06,0.0,4.5922143928319233e-08,1.52942012949732e-06,0.05830116375720669
19.130000000000003,0.9983839326139048,1.5256619745750706e-06,0.0,4.445151942243287e-08,1.4812104551526377e-06,0.058271779939738706
19.14,0.9984530062839703,1.4769583406822627e-06,0.0,4.301071604960872e-08,1.4339476246326539e-06,0.05824228736166038
19.15,0.9985199312755846,1.4292252307399818e-06,0.0,4.159952182422763e-08,1.3876257089157541e-06,0.05821268884637512
19.16,0.9985847475900975,1.3824563935547073e-06,0.0,4.021772132587514e-08,1.342238672228832e-06,0.05818298720072233
19.17,0.9986474950738966,1.336645467449984e-06,0.0,3.8865095717447836e-08,1.2977803717325363e-06,0.05815318521461583
19.18,0.9987082134122289,1.2917859799702366e-06,0.0,3.754142276313723e-08,1.2542445572070993e-06,0.05812328566068228
19.189999999999998,0.9987669421229715,1.2478713475852007e-06,0.0,3.624647684628805e-08,1.2116248707389128e-06,0.058093291293898
19.200000000000003,0.9988237205503996,1.2048948753949787e-06,0.0,3.4980028987126355e-08,1.1699148464078524e-06,0.05806320485122736
19.21,0.9988785878588136,1.1628497568356998e-06,0.0,3.374184686034479e-08,1.129107909975355e-06,0.058033029051253786
19.22,0.9989315830262342,1.1217290733855278e-06,0.0,3.25316948125396e-08,1.0891973785729883e-06,0.05800276659381683
19.23,0.998982744838047,1.0815257942715064e-06,0.0,3.134933387950225e-08,1.0501764603920042e-06,0.05797242015964773
19.240000000000002,0.9990321118804744,1.0422327761768478e-06,0.0,3.0194521803343765e-08,1.0120382543735041e-06,0.05794199240999558
19.25,0.9990797225341836,1.0038427629487878e-06,0.0,2.9067013049460615e-08,9.747757498993273e-07,0.057911485986263965
19.259999999999998,0.9991256149677081,9.6634838530701e-07,0.0,2.7966558823324422e-08,9.383818264836857e-07,0.05788090350963728
19.27,0.9991698271309346,9.297421605526532e-07,0.0,2.689290708709902e-08,9.028492534655542e-07,0.05785024758071304
19.28,0.9992123967484758,8.940164922779173e-07,0.0,2.584580257607333e-08,8.68170689701844e-07,0.05781952077912855
19.29,0.9992533613130075,8.591636700761835e-07,0.0,2.4824986814904737e-08,8.343386832612788e-07,0.057788725663187
19.3,0.9992927580785977,8.251758692526572e-07,0.0,2.383019813366851e-08,8.013456711189887e-07,0.05775786476948476
19.310000000000002,0.9993306240539699,7.920451505357119e-07,0.0,2.286117168371117e-08,7.691839788520007e-07,0.057726940612536214
19.32,0.9993669959957092,7.597634597886876e-07,0.0,2.1917639453296e-08,7.378458203353916e-07,0.05769595568439665
19.33,0.9994019104014669,7.283226277222364e-07,0.0,2.0999330283039402e-08,7.07323297439197e-07,0.0576649124542867
19.34,0.9994354035031066,6.977143696073065e-07,0.0,2.0105969881134595e-08,6.776083997261719e-07,0.057633813368214874
19.35,0.9994675112597236,6.679302849886632e-07,0.0,1.9237280838353234e-08,6.486930041503099e-07,0.05760266084859365
19.36,0.9994982693507719,6.389618573989457e-07,0.0,1.8392982642825763e-08,6.205688747561199e-07,0.05757145729386416
19.37,0.999527713169071,6.108004540732453e-07,0.0,1.7572791694590126e-08,5.932276623786551e-07,0.05754020507811492
19.380000000000003,0.9995558778136893,5.834373256643564e-07,0.0,1.6776421319909282e-08,5.666609043444471e-07,0.05750890655069447
19.39,0.9995827980829315,5.568636059584933e-07,0.0,1.6003581785351883e-08,5.408600241731414e-07,0.05747756403583226
19.4,0.999608508467194,5.310703115915512e-07,0.0,1.525398031162943e-08,5.158163312799217e-07,0.05744617983225295
19.41,0.9996330431418023,5.060483417659839e-07,0.0,1.4527321087190597e-08,4.915210206787932e-07,0.05741475621279117
19.42,0.9996564359597144,4.817884779682317e-07,0.0,1.3823305281565078e-08,4.6796517268666667e-07,0.057383295423999586
19.43,0.9996787204444182,4.582813836866452e-07,0.0,1.3141631058457217e-08,4.45139752628188e-07,0.057351799685771
19.439999999999998,0.9996999297825173,4.355176041299906e-07,0.0,1.2481993588580242e-08,4.2303561054141035e-07,0.05732027119094223
19.450000000000003,0.9997200968163646,4.1348756594651637e-07,0.0,1.1844085062233511e-08,4.016434808842829e-07,0.05728871210490289
19.46,0.9997392540367276,3.9218157694362494e-07,0.0,1.1227594701620395e-08,3.8095398224200454e-07,0.05725712456520788
19.47,0.9997574335753576,3.715898258079326e-07,0.0,1.0632208772895837e-08,3.6095761703503673e-07,0.057225510681185414
19.48,0.9997746671974514,3.517023818260405e-07,0.0,1.005761059795048e-08,3.4164477122809e-07,0.05719387253353995
19.490000000000002,0.9997909862941654,3.32509194605807e-07,0.0,9.503480565924892e-09,3.230057140398821e-07,0.05716221217396026
19.5,0.9998064218750073,3.1400009379812585e-07,0.0,8.969496144449652e-09,3.050305976536762e-07,0.05713053162472136
19.509999999999998,0.9998210045602729,2.961647888192754e-07,0.0,8.455331890613074e-09,2.877094569286623e-07,0.057098832878290984
19.52,0.9998347645733521,2.78992868573837e-07,0.0,7.960659461652863e-09,2.7103220911218415e-07,0.05706711789692954
19.53,0.9998477317329719,2.6247380117813793e-07,0.0,7.485147625369732e-09,2.549886535527682e-07,0.05703538861228781
19.54,0.9998599354455493,2.4659693368423326e-07,0.0,7.028462270263468e-09,2.395684714139698e-07,0.05700364692501323
19.55,0.9998714046972967,2.3135149180442677e-07,0.0,6.59026641538715e-09,2.2476122538903962e-07,0.05697189470434225
19.560000000000002,0.9998821680463994,2.1672657963636583e-07,0.0,6.170220219922535e-09,2.105563594164433e-07,0.05694013378769899
19.57,0.9998922536151653,2.0271117938864514e-07,0.0,5.767980992473008e-09,1.9694319839617213e-07,0.05690836598029384
19.58,0.9999016890820567,1.8929415110695738e-07,0.0,5.3832032000741886e-09,1.839109479068832e-07,0.056876593054716235
19.59,0.9999105016736856,1.7646423240078953e-07,0.0,5.015538476922635e-09,1.714486939238669e-07,0.05684481675052688
19.6,0.9999187181568132,1.642100381706696e-07,0.0,4.664635632822989e-09,1.5954540253784662e-07,0.05681303877385204
19.61,0.9999263648302801,1.5252006033593303e-07,0.0,4.330140661352483e-09,1.4818991967458054e-07,0.056781260796974944
19.62,0.999933467516879,1.4138266756301234e-07,0.0,4.0116967477436e-09,1.3737097081526875e-07,0.05674948445792538
19.630000000000003,0.9999400515551784,1.3078610499431024e-07,0.0,3.708944276487417e-09,1.2707716071782283e-07,0.05671771136006798
19.64,0.9999461417912965,1.2071849397757107e-07,0.0,3.421520838656304e-09,1.1729697313891477e-07,0.05668594307168886
19.65,0.9999517625706886,1.1116783179578259e-07,0.0,3.1490612389484136e-09,1.0801877055683417e-07,0.05665418112558494
19.66,0.9999569377297757,1.0212199139763721e-07,0.0,2.891197502455699e-09,9.92307938951815e-08,0.056622427018644936
19.67,0.9999616905876323,9.356872112851684e-08,0.0,2.6475588811571767e-09,9.092116224735967e-08,0.056590682211435775
19.68,0.9999660439375617,8.549564446200334e-08,0.0,2.417771860138937e-09,8.30778726018644e-08,0.05655894812778357
19.689999999999998,0.9999700200386812,7.789025973191237e-08,0.0,2.201460163543706e-09,7.568879956836867e-08,0.05652722615435694
19.700000000000003,0.9999736406073971,7.07399398648753e-08,0.0,1.9982447602529684e-09,6.874169510462233e-08,0.05649551764024505
19.71,0.9999769268088734,6.403193211346098e-08,0.0,1.80774386930474e-09,6.222418824415624e-08,0.05646382389653712
19.72,0.999979899248455,5.775335778977509e-08,0.0,1.629572965048366e-09,5.612378482472672e-08,0.056432146195900416
19.73,0.9999825779629568,5.1891211999640156e-08,0.0,1.4633447820427095e-09,5.0427867217597444e-08,0.05640048577215183
19.740000000000002,0.9999849824121192,4.643236337728518e-08,0.0,1.3086693197001572e-09,4.512369405758502e-08,0.05636884381984146
19.75,0.9999871314697373,4.13635538205498e-08,0.0,1.1651538466798743e-09,4.019839997386992e-08,0.05633722149381734
19.759999999999998,0.9999890434149421,3.667139822662154e-08,0.0,1.032402905036225e-09,3.563899532158532e-08,0.0563056199088015
19.77,0.9999907359233902,3.234238422830038e-08,0.0,9.100183141265513e-10,3.143236591417383e-08,0.05627404013896186
19.78,0.9999922260583709,2.8362871930788123e-08,0.0,7.975991742834533e-10,2.756527275650467e-08,0.056242483217480745
19.79,0.9999935302618788,2.4719093648989323e-08,0.0,6.947418702567446e-10,2.4024351778732578e-08,0.05621095013612282
19.8,0.9999946643455928,2.1397153645338553e-08,0.0,6.010400744312617e-10,2.079611357090729e-08,0.056179441844798866
19.810000000000002,0.9999956434819772,1.838302786815796e-08,0.0,5.160847498269422e-10,1.7866943118331018e-08,0.056147959251138926
19.82,0.9999964821951011,1.566256369052015e-08,0.0,4.3946415288665176e-10,1.52230995376335e-08,0.05611650322004945
19.83,0.9999971943515611,1.3221479649635891e-08,0.0,3.7076383605945716e-10,1.2850715813576433e-08,0.0560850745732786
19.84,0.9999977931513335,1.1045365186763029e-08,0.0,3.095666501862836e-10,1.0735798536576745e-08,0.056053674088978794
19.85,0.9999982911185761,9.119680387629108e-09,0.0,2.55452746695319e-10,8.86422764093379e-09,0.05602230250126789
19.86,0.9999987000922594,7.429755723369775e-09,0.0,2.0799957961511045e-10,7.221756143754664e-09,0.05599096049978127
19.87,0.9999990312169835,5.960791791982603e-09,0.0,1.6678190741373342e-10,5.79400988456887e-09,0.055959648729237206
19.880000000000003,0.9999992949335805,4.697859060298504e-09,0.0,1.3137179467260831e-10,4.566487265625896e-09,0.05592836778899062
19.89,0.9999995009696647,3.6258976064631978e-09,0.0,1.0133861360386054e-10,3.524558992859337e-09,0.05589711823258521
19.9,0.9999996583301822,2.7297168629325e-09,0.0,7.624904542074434e-11,2.6534678175117557e-09,0.05586590056730716
19.91,0.9999997752880176,1.9939953599800107e-09,0.0,5.566708157088553e-11,1.9383282784091254e-09,0.05583471525374419
19.92,0.9999998593742205,1.4032804697162193e-09,0.0,3.915402484248182e-11,1.3641264448737374e-09,0.05580356270532263
19.93,0.9999999173685765,9.41988150616383e-10,0.0,2.626849035404769e-11,9.157196602623352e-10,0.05577244328786747
19.939999999999998,0.9999999552899297,5.944026925577119e-10,0.0,1.656640643866179e-11,5.778362861190501e-10,0.05574135731914882
19.950000000000003,0.9999999783864091,3.4467646236611286e-10,0.0,9.601015434160642e-12,3.350754469319522e-10,0.05571030506842392
19.96,0.9999999911257262,1.76829649870149e-10,0.0,4.9228743910402705e-12,1.7190677547910873e-10,0.055679286755985505
19.97,0.9999999971853661,7.475001446004563e-11,0.0,2.0798557102458427e-12,7.267015874979979e-11,0.0556483025527049
19.98,0.9999999994426858,2.2192632154395714e-11,0.0,6.171477235998794e-13,2.1575484430795836e-11,0.055617352579571365
19.990000000000002,0.9999999999650839,2.7796431707032142e-12,0.0,7.725522986646386e-14,2.7023879408367502e-12,0.05558643690723747
20.0,1.0,0.0,0.0,0.0,0.0,0.05555555555555555
