{
  "params": {
    "v_s": 0.5,
    "R_b": 1.0,
    "sigma": 8.0,
    "ford_roman_C": 0.009498860966469166
  },
  "tau0_grid": [
    0.1,
    0.10305656868821042,
    0.10620656349787833,
    0.10945284006257876,
    0.11279834130028858,
    0.11624610008129392,
    0.1197992419776445,
    0.12346098809664659,
    0.12723465800096387,
    0.13112367271797296,
    0.13513155784110203,
    0.13926194672596406,
    0.14351858378418217,
    0.1479053278778925,
    0.15242615581800312,
    0.15708516596937905,
    0.1618865819662224,
    0.16683475654101607,
    0.17193417547050086,
    0.17718946164226487,
    0.18260537924563103,
    0.18818683809064082,
    0.1939388980590526,
    0.19986677369138592,
    0.20597583891417315,
    0.21227163191170248,
    0.21875986014666887,
    0.2254464055342848,
    0.2323373297745417,
    0.23943887984745446,
    0.24675749367627353,
    0.2542998059637953,
    0.26207265420706444,
    0.27008308489591965,
    0.27833835990100103,
    0.28684596305701343,
    0.29561360694720973,
    0.3046492398952475,
    0.3139610531707567,
    0.3235574884151497,
    0.3334472452944072,
    0.34363928938577615,
    0.3541428603055306,
    0.3649674800851622,
    0.3761229618035959,
    0.38761941848325415,
    0.3994672722580366,
    0.41167726382152403,
    0.4242604621639741,
    0.437228274606935,
    0.45059245714457313,
    0.46436512510109207,
    0.4785587641139012,
    0.4931862414524935,
    0.5082608176832921,
    0.5237961586910419,
    0.5398063480676413,
    0.556305899879649,
    0.5733097718260373,
    0.5908333787981226,
    0.6088926068539616,
    0.627503827619888,
    0.6466839131322393,
    0.6664502511327332,
    0.686820760831356,
    0.7078139091510558,
    0.7294487274689652,
    0.7517448288693307,
    0.7747224259237916,
    0.7984023490151224,
    0.8228060652210551,
    0.8479556977752979,
    0.8738740461233938,
    0.900584606591599,
    0.9281115936875208,
    0.9564799620518241,
    0.985715429080907,
    1.0158444982410528,
    1.0468944830951972,
    1.0788935320640871,
    1.1118706539442857,
    1.145855744206147,
    1.1808796120956122,
    1.2169740085643876,
    1.2541716550538256,
    1.2925062731586117,
    1.3320126151971328,
    1.3727264957162608,
    1.4146848239590926,
    1.4579256373250904,
    1.502488135852961,
    1.5484127177575195,
    1.5957410160527634,
    1.6445159362943633,
    1.6947816954757668,
    1.7465838621132004,
    1.7999693975558893,
    1.8549866985589518,
    1.9116856411575733,
    1.97011762588221,
    2.0303356243558395,
    2.092394227315482,
    2.156349694101529,
    2.222260003659757,
    2.2901849071022453,
    2.360185981874853,
    2.432326687580372,
    2.506672423507939,
    2.583290587920887,
    2.6622506391567646,
    2.743624158594911,
    2.827484915548699,
    2.9139089341412343,
    3.0029745622251607,
    3.0947625424090597,
    3.189356085254799,
    3.2868409447122295,
    3.387305495859584,
    3.490840815020058,
    3.5975407623272315,
    3.707502066814131,
    3.820824414103125,
    3.9376105367761016,
    4.057966307506873,
    4.182000835040256,
    4.309826563104796,
    4.441559372348831,
    4.577318685392322,
    4.717227575089627,
    4.861412876101443,
    5.01000529987699,
    5.163139553150712,
    5.320954460060926,
    5.483593088001082,
    5.651202877317792,
    5.823935774973136,
    6.001948372292448,
    6.185402046922492,
    6.374463109128653,
    6.5693029525638025,
    6.770098209645552,
    6.977030911682671,
    7.190288653895924,
    7.410064765482855,
    7.636558484880714,
    7.869975140386456,
    8.11052633629745,
    8.358430144741776,
    8.613911303371896,
    8.877201419100977,
    9.148539178066587,
    9.428170562012037,
    9.716349071281567,
    10.013335954631579,
    10.319400446066162,
    10.634820008911674,
    10.959880587351602,
    11.294876865649842,
    11.640112535297213,
    11.995900570323561,
    12.362563511024936,
    12.740433756363048,
    13.129853865302229,
    13.531176867356839,
    13.944766582630836,
    14.370997951639572,
    14.810257375212743,
    15.262943064786866,
    15.729465403404522,
    16.21024731774787,
    16.705724661543634,
    17.21634661068702,
    17.74257607044305,
    18.284890095094124,
    18.843780320414453,
    19.419753409363395,
    20.013331511401685,
    20.625052735846936,
    21.255471639697713,
    21.905159730368155,
    22.57470598378906,
    23.264717378345136,
    23.975819445132277,
    24.70865683503405,
    25.46389390313106,
    26.242215310973275,
    27.04432664726127,
    27.870955067498794,
    28.72284995319715,
    29.60078359122823,
    30.505551873942633,
    31.43797502068737,
    32.39889832137711,
    33.38919290279345,
    34.409756518306395,
    35.46151436173438,
    36.545419906080426,
    37.66245576790469,
    38.81363459811755,
    40.0
  ],
  "minkowski_margin": 0.009498860966469166,
  "order": [
    "Alcubierre",
    "Nat\u00e1rio",
    "Van den Broeck",
    "Rodal"
  ],
  "metrics": {
    "Alcubierre": {
      "robust": true,
      "rho_min": -0.08570855578080877,
      "x_w": -0.1499999999999999,
      "y_w": 1.0316666666666667,
      "tau0_threshold": 1.020583212095915,