{
  "metric": "rodal_matched",
  "params": {
    "v_s": 0.5,
    "R": 1.0,
    "sigma": 8.0
  },
  "results": [
    {
      "metric": "rodal_matched",
      "grid": "clustered_25",
      "shape": [
        25,
        25,
        25
      ],
      "n_grid_total": 15625,
      "wall_n_total": 143,
      "volume_weighted": true,
      "wall_frac_type_i": 1.0,
      "wall_frac_type_iv": 0.0,
      "wall_nec_miss_rate": 0.07854239565374109,
      "wall_wec_miss_rate": 0.7849122114604992,
      "wall_sec_miss_rate": 0.10519937257046354,
      "wall_dec_miss_rate": 0.7910933430764678,
      "full_frac_type_i": 1.0,
      "full_frac_type_iv": 0.0,
      "n_vacuum": 0,
      "nec_min_margin": -0.1530246284215415,
      "dec_min_margin": -0.1530246284215415,
      "t_curvature_s": 1.029561996459961,
      "t_verify_grid_s": 0.039495229721069336
    },
    {
      "metric": "rodal_matched",
      "grid": "clustered_50",
      "shape": [
        50,
        50,
        50
      ],
      "n_grid_total": 125000,
      "wall_n_total": 1386,
      "volume_weighted": true,
      "wall_frac_type_i": 1.0,
      "wall_frac_type_iv": 0.0,
      "wall_nec_miss_rate": 0.12427279460545144,
      "wall_wec_miss_rate": 0.7205481920875046,
      "wall_sec_miss_rate": 0.20325771726984984,
      "wall_dec_miss_rate": 0.7333670059353624,
      "full_frac_type_i": 1.0,
      "full_frac_type_iv": 0.0,
      "n_vacuum": 0,
      "nec_min_margin": -0.17200681861115386,
      "dec_min_margin": -0.17200681861115386,
      "t_curvature_s": 0.7290859222412109,
      "t_verify_grid_s": 0.20090079307556152
    },
    {
      "metric": "rodal_matched",
      "grid": "clustered_100",
      "shape": [
        100,
        100,
        100
      ],
      "n_grid_total": 1000000,
      "wall_n_total": 11362,
      "volume_weighted": true,
      "wall_frac_type_i": 1.0,
      "wall_frac_type_iv": 0.0,
      "wall_nec_miss_rate": 0.1179818335422917,
      "wall_wec_miss_rate": 0.7258951975799299,
      "wall_sec_miss_rate": 0.2045890038951705,
      "wall_dec_miss_rate": 0.7393022267767267,
      "full_frac_type_i": 1.0,
      "full_frac_type_iv": 0.0,
      "n_vacuum": 0,
      "nec_min_margin": -0.1909344030378231,
      "dec_min_margin": -0.1909344030378231,
      "t_curvature_s": 5.063091993331909,
      "t_verify_grid_s": 1.6061832904815674
    }
  ]
}