{
  "config": {
    "R_1": 10.0,
    "R_2": 20.0,
    "n_probes": 25,
    "r_probes": [
      10.0,
      10.416666666666666,
      10.833333333333334,
      11.25,
      11.666666666666666,
      12.083333333333334,
      12.5,
      12.916666666666668,
      13.333333333333334,
      13.75,
      14.166666666666668,
      14.583333333333334,
      15.0,
      15.416666666666668,
      15.833333333333334,
      16.25,
      16.666666666666668,
      17.083333333333336,
      17.5,
      17.916666666666668,
      18.333333333333336,
      18.75,
      19.166666666666668,
      19.583333333333336,
      20.0
    ],
    "sshell": "sshell_default(v_s=0), rho_0=1e-4, static flow-orthogonal (E=rho, S_i=0)",
    "tshell": "tshell_default(v_0=0.1), rho_0=1e-4, tilted (E=Eulerian, S_x lowered=gamma_xx*S^x)",
    "fuchs": "fuchs_default() canonical Gaussian-smoothed, v_s=0.02; source=rho_smoothed (static, S_i=0)"
  },
  "note_vacuum": "Vacuum eps_H = normalized_residuals(metric, coords) with E=0 (published call, sweep.py:209). For a matter shell H_vac = R+K^2-K_sq ~ 16 pi rho (matter magnitude), NOT constraint residual.",
  "note_momentum_convention": "S_i passed to normalized_residuals is LOWERED index. T-shell solver stores contravariant S^x; lowered via gamma_xx on x-axis.",
  "sshell": {
    "vacuum_eps_H": {
      "peak": 0.005026558975561643,
      "mean": 0.005026367090116787,
      "n_nonfinite": 0
    },
    "vacuum_eps_M": {
      "peak": 0.0,
      "mean": 0.0,
      "n_nonfinite": 0
    },
    "source_eps_H": {
      "peak": 2.316321722480724e-06,
      "mean": 1.8716543361541743e-07,
      "n_nonfinite": 0
    },
    "source_eps_M": {
      "peak": 0.0,
      "mean": 0.0,
      "n_nonfinite": 0
    },
    "source_consistency_rel": {
      "peak": 0.9883902988118973,
      "mean": 0.04598362715928248,
      "n_nonfinite": 0
    },
    "source_consistency_per_probe": [
      0.9883902988118973,
      0.0017641410601480887,
      0.00043055688012684636,
      0.0005251806620917793,
      0.0011930549286883292,
      0.0013735901656986938,
      0.0006339937635384872,
      9.214803507958221e-05,
      0.00029252917997427846,
      0.0005514719078298563,
      0.0004997786840493738,
      0.00020430101060256274,
      1.9879077201415253e-06,
      0.00012278103183787048,
      0.00018238096824607186,
      0.00010796966802958229,
      2.7620207044495718e-05,
      4.3079476985166246e-07,
      1.746260201690489e-05,
      7.629835895245442e-05,
      8.910263339198128e-05,
      4.362981108853895e-05,
      3.795726242226781e-05,
      0.0001533949052069697,
      0.15277861774160978
    ],
    "source_consistency_deep_2pct": {
      "peak": 0.0017641410601480887,
      "mean": 0.00036616358385021776,
      "n_nonfinite": 0,
      "window": [
        10.2,
        19.8
      ],
      "n_probes": 23
    },
    "source_consistency_deep_smoothstep": {
      "peak": 0.0013735901656986938,
      "mean": 0.0003097250696761881,
      "n_nonfinite": 0,
      "window": [
        10.5,
        19.5
      ],
      "n_probes": 21
    }
  },
  "tshell": {
    "vacuum_eps_H": {
      "peak": 0.005080486905641755,
      "mean": 0.005079066595066229,
      "n_nonfinite": 0
    },
    "vacuum_eps_M": {
      "peak": 9.342212795934852e-05,
      "mean": 3.136847708158689e-05,
      "n_nonfinite": 0
    },
    "source_eps_H": {
      "peak": 3.1515726614077255e-06,
      "mean": 2.244623540732793e-07,
      "n_nonfinite": 0
    },
    "source_eps_M": {
      "peak": 0.0003649036907150866,
      "mean": 0.00031916765802809076,
      "n_nonfinite": 0
    },
    "source_consistency_rel": {
      "peak": 0.9884789720443682,
      "mean": 0.1899434599801901,
      "n_nonfinite": 0
    },
    "source_consistency_per_probe": [
      0.9884789720443682,
      0.17938304565512314,
      0.1747502968561866,
      0.17074321187802258,
      0.16726937252800456,
      0.16425467349682193,
      0.16163930903065415,
      0.15937416466377743,
      0.15741923075907874,
      0.1557415779997834,
      0.15431413236013497,
      0.15311444731850488,
      0.15212370092809513,
      0.15132648724307052,
      0.1507101277643771,
      0.1502644769967125,
      0.14998115156740363,
      0.149853465057074,
      0.14987644420864701,
      0.15004655132148928,
      0.15036189795374996,
      0.15082131777183044,
      0.15142499145573207,
      0.15217436792328945,
      0.1531390847228209
    ],
    "source_consistency_deep_2pct": {
      "peak": 0.17938304565512314,
      "mean": 0.15682471490163322,
      "n_nonfinite": 0,
      "window": [
        10.2,
        19.8
      ],
      "n_probes": 23
    },
    "source_consistency_deep_smoothstep": {
      "peak": 0.1747502968561866,
      "mean": 0.15597195376948336,
      "n_nonfinite": 0,
      "window": [
        10.5,
        19.5
      ],
      "n_probes": 21
    }
  },
  "fuchs": {
    "vacuum_eps_H": {
      "peak": 0.004285590511488434,
      "mean": 0.0038011139259016054,
      "n_nonfinite": 0
    },
    "vacuum_eps_M": {
      "peak": 0.00038859427924767,
      "mean": 0.0001655432011473108,
      "n_nonfinite": 0
    },
    "source_eps_H": {
      "peak": 2.997190611843392e-08,
      "mean": 5.036451750668053e-09,
      "n_nonfinite": 0
    },
    "source_eps_M": {
      "peak": 0.00038859427924767,
      "mean": 0.0001655432011473108,
      "n_nonfinite": 0
    },
    "source_consistency_rel": {
      "peak": 0.3998165009242633,
      "mean": 0.13884380749814493,
      "n_nonfinite": 0
    },
    "source_consistency_per_probe": [
      0.3998165009242633,
      0.2754059967421763,
      0.13970076812403517,
      0.05114777964954349,
      0.05929262876348443,
      0.0915201168510173,
      0.12692022726600316,
      0.16126748648439876,
      0.19129040234651298,
      0.2145369446691776,
      0.2294061516138423,
      0.23511370082837568,
      0.23159727968298552,
      0.21941403509864266,
      0.19965911214978274,
      0.1738989791238147,
      0.14410098593911647,
      0.11252389207301142,
      0.08154363965086935,
      0.053450105872379965,
      0.03039165822519419,
      0.01479933856679113,
      0.019637076026885126,
      0.012163260324193922,
      0.002497120457125628
    ],
    "source_consistency_deep_2pct": {
      "peak": 0.2754059967421763,
      "mean": 0.1334252854814015,
      "n_nonfinite": 0,
      "window": [
        10.2,
        19.8
      ],
      "n_probes": 23
    },
    "source_consistency_deep_smoothstep": {
      "peak": 0.23511370082837568,
      "mean": 0.13243868138123163,
      "n_nonfinite": 0,
      "window": [
        10.5,
        19.5
      ],
      "n_probes": 21
    }
  }
}