{
  "metric": "alcubierre",
  "resolutions": [
    25,
    50,
    100
  ],
  "min_margin_nec": {
    "values": [
      -6650600315669.628,
      -0.6283694438533752,
      -0.6294798988825568
    ],
    "extrapolated_value": -0.6298500505589507,
    "observed_order": 2.0,
    "error_estimate": 0.0003701516763938706,
    "converged": true
  },
  "l2_violation_nec": {
    "values": [
      6650600315669.628,
      8.558081103748119,
      22.593854060787766
    ],
    "extrapolated_value": 27.27244504646765,
    "observed_order": 2.0,
    "error_estimate": 4.678590985679882,
    "converged": true
  },
  "integrated_violation_nec": {
    "values": [
      481090879318.1611,
      1.805767229995756,
      1.6429991749608213
    ],
    "extrapolated_value": 1.6429991749607664,
    "observed_order": 41.426629004114965,
    "error_estimate": 5.484501741648273e-14,
    "converged": false
  }
}