{
  "metric": "alcubierre",
  "resolutions": [
    25,
    50,
    100
  ],
  "min_margin_nec": {
    "values": [
      -6650600315669.628,
      -0.6283694438533752,
      -0.6294798988825568
    ],
    "extrapolated_value": -0.6298500505589507,
    "observed_order": 2.0,
    "error_estimate": 0.0003701516763938706,
    "converged": true
  },
  "l2_violation_nec": {
    "values": [
      6650600315669.628,
      8.558081103809219,
      22.593854060787766
    ],
    "extrapolated_value": 27.272445046447285,
    "observed_order": 2.0,
    "error_estimate": 4.678590985659518,
    "converged": true
  },
  "integrated_violation_nec": {
    "values": [
      481090879318.1608,
      1.8057681633515072,
      1.6429991749608213
    ],
    "extrapolated_value": 1.6429991749607662,
    "observed_order": 41.42662073133777,
    "error_estimate": 5.5067062021407764e-14,
    "converged": false
  }
}