{
  "metric": "alcubierre",
  "resolutions": [
    25,
    50,
    100
  ],
  "min_margin_nec": {
    "values": [
      -0.6310512295451954,
      -0.6283694438533752,
      -0.6294798988825568
    ],
    "extrapolated_value": -0.6298500505589507,
    "observed_order": 2.0,
    "error_estimate": 0.0003701516763938706,
    "converged": true
  },
  "l2_violation_nec": {
    "values": [
      3.061636223566942,
      8.558081103809219,
      22.593854060787766
    ],
    "extrapolated_value": -0.4762189858897898,
    "observed_order": -1.3525378307650686,
    "error_estimate": 23.070073046677557,
    "converged": false
  },
  "integrated_violation_nec": {
    "values": [
      1.781473215745963,
      1.8057681633515072,
      1.6429991749608213
    ],
    "extrapolated_value": 1.5887428454972594,
    "observed_order": 2.0,
    "error_estimate": 0.05425632946356185,
    "converged": true
  }
}