{
  "reference_v_s": 0.5,
  "scaling_laws": {
    "Alcubierre": {
      "A": 0.6316281600786866,
      "p": 2.0029734356786086,
      "r_squared": 0.9999997809109685,
      "n": 5
    },
    "Nat\u00e1rio": {
      "A": 8.487023350547034,
      "p": 2.0549047581249056,
      "r_squared": 0.9999551760419318,
      "n": 6
    },
    "Van den Broeck": {
      "A": 0.3483626967935977,
      "p": -0.18471875553753037,
      "r_squared": 0.0999898811005987,
      "n": 6
    },
    "Rodal": {
      "A": 0.6880272744446152,
      "p": 2.0,
      "r_squared": 1.0,
      "n": 6
    }
  },
  "raw_axes": {
    "Alcubierre": {
      "nec_severity": 0.15768043578245422,
      "type_iv_frac": 0.9911894027527313,
      "anec_min_abs": 0.17465374070807574
    },
    "Nat\u00e1rio": {
      "nec_severity": 2.068759643938877,
      "type_iv_frac": 0.8992924826633331,
      "anec_min_abs": 0.8996482122947521
    },
    "Van den Broeck": {
      "nec_severity": 0.1949215668495284,
      "type_iv_frac": 0.8780215589705284,
      "anec_min_abs": 0.25999471110691696
    },
    "Rodal": {
      "nec_severity": 0.17200681861115386,
      "type_iv_frac": 0.0,
      "anec_min_abs": 0.006523400087074655
    }
  },
  "scores": {
    "Alcubierre": {
      "index": 0.9970544666025616,
      "s_nec": 1.0,
      "s_type_iv": 0.9911894027527313,
      "s_anec": 1.0
    },
    "Nat\u00e1rio": {
      "index": 0.9652363181025905,
      "s_nec": 1.0,
      "s_type_iv": 0.8992924826633331,
      "s_anec": 1.0
    },
    "Van den Broeck": {
      "index": 0.9575652854595708,
      "s_nec": 1.0,
      "s_type_iv": 0.8780215589705284,
      "s_anec": 1.0
    },
    "Rodal": {
      "index": 0.015515485666892868,
      "s_nec": 1.0,
      "s_type_iv": 0.0,
      "s_anec": 0.03735047449099968
    }
  }
}