{
  "n_zeta": 10,
  "zeta_max": 5.0,
  "n_points": 15625,
  "n_violations": 15624,
  "bfgs_min_dec": -2.044600681490719e-06,
  "alg_min_dec": -2.044600681490719e-06,
  "results": [
    {
      "n_dir": 10,
      "detection_rate": 92.20430107526882,
      "min_sampled": -0.012375474883331319,
      "elapsed": 0.17499899864196777
    },
    {
      "n_dir": 50,
      "detection_rate": 92.93394777265746,
      "min_sampled": -0.01446550129994017,
      "elapsed": 0.23221397399902344
    },
    {
      "n_dir": 200,
      "detection_rate": 93.26676907322069,
      "min_sampled": -0.01465223654102884,
      "elapsed": 0.37515807151794434
    },
    {
      "n_dir": 1000,
      "detection_rate": 93.40757808499744,
      "min_sampled": -0.014722038871923674,
      "elapsed": 1.2638249397277832
    }
  ]
}