{
  "n_zeta": 10,
  "zeta_max": 5.0,
  "n_points": 15625,
  "n_violations": 15624,
  "bfgs_min_dec": -2.0446006814907193e-06,
  "alg_min_dec": -2.0446006814907193e-06,
  "results": [
    {
      "n_dir": 10,
      "detection_rate": 92.20430107526882,
      "min_sampled": -4251958345543194.0,
      "elapsed": 0.36840152740478516
    },
    {
      "n_dir": 50,
      "detection_rate": 92.93394777265746,
      "min_sampled": -4276388285470240.0,
      "elapsed": 0.5176610946655273
    },
    {
      "n_dir": 200,
      "detection_rate": 93.26676907322069,
      "min_sampled": -4276407943857509.5,
      "elapsed": 1.981971263885498
    },
    {
      "n_dir": 1000,
      "detection_rate": 93.40757808499744,
      "min_sampled": -4276468217207476.5,
      "elapsed": 8.696545362472534
    }
  ]
}