{
  "n_zeta": 10,
  "zeta_max": 5.0,
  "n_points": 15625,
  "n_violations": 15624,
  "bfgs_min_dec": -2.044600681490719e-06,
  "alg_min_dec": -2.044600681490719e-06,
  "results": [
    {
      "n_dir": 10,
      "detection_rate": 92.20430107526882,
      "min_sampled": -4251958345543191.0,
      "elapsed": 0.23476600646972656
    },
    {
      "n_dir": 50,
      "detection_rate": 92.93394777265746,
      "min_sampled": -4276388285470238.0,
      "elapsed": 0.32566165924072266
    },
    {
      "n_dir": 200,
      "detection_rate": 93.26676907322069,
      "min_sampled": -4276407943857506.5,
      "elapsed": 1.310483455657959
    },
    {
      "n_dir": 1000,
      "detection_rate": 93.40757808499744,
      "min_sampled": -4276468217207474.5,
      "elapsed": 5.649852275848389
    }
  ]
}