{
  "tidal_scaling": {
    "sigma": 8.0,
    "reference_vs": 0.5,
    "peak_tidal_by_vs": {
      "0.1": 0.19532575261467736,
      "0.5": 4.923723182722914,
      "0.9": 15.810840181002451,
      "0.99": 19.2726496109487
    },
    "scaling_ratios": {
      "0.1": 0.9918,
      "0.5": 1.0,
      "0.9": 0.9911,
      "0.99": 0.9984
    }
  },
  "blueshift_divergence": {
    "max_blueshift_by_vs": {
      "0.1": 1.0000000001810576,
      "0.5": 1.0000000000349754,
      "0.9": 1.0000000000005758,
      "0.99": 1.0000000000032958
    },
    "monotonically_increasing": false
  }
}