{
  "tidal_scaling": {
    "sigma": 8.0,
    "reference_vs": 0.5,
    "peak_tidal_by_vs": {
      "0.1": 0.19748084455068404,
      "0.5": 4.891289665540651,
      "0.9": 15.870705344136594,
      "0.99": 19.17659061199544
    },
    "scaling_ratios": {
      "0.1": 1.0093,
      "0.5": 1.0,
      "0.9": 1.0014,
      "0.99": 1.0
    }
  },
  "blueshift_divergence": {
    "max_blueshift_by_vs": {
      "0.1": 1.0050378149110146,
      "0.5": 1.1547005371789876,
      "0.9": 2.2941573101452057,
      "0.99": 7.088811037232916
    },
    "monotonically_increasing": true
  }
}