{
  "tidal_scaling": {
    "sigma": 8.0,
    "reference_vs": 0.5,
    "peak_tidal_by_vs": {
      "0.1": 0.15891556017441913,
      "0.5": 0.0,
      "0.9": 0.0,
      "0.99": 0.0
    },
    "scaling_ratios": {
      "0.1": NaN,
      "0.5": NaN,
      "0.9": NaN,
      "0.99": NaN
    }
  },
  "blueshift_divergence": {
    "max_blueshift_by_vs": {
      "0.1": 1.0000000000106466,
      "0.5": 1.0000000008162129,
      "0.9": 1.0,
      "0.99": 1.0
    },
    "monotonically_increasing": false
  }
}