{
  "alcubierre": {
    "n_starts_values": [
      1,
      2,
      4,
      8,
      16
    ],
    "min_wec_margin": [
      -3448.8364505791255,
      -3448.836450579126,
      -3448.8364505791383,
      -3448.8364505791506,
      -3448.8364505791506
    ],
    "min_wec_algebraic": [
      -0.13792711500902932,
      -0.13792711500902932,
      -0.13792711500902932,
      -0.13792711500902932,
      -0.13792711500902932
    ],
    "min_wec_opt": [
      -3448.8364505791255,
      -3448.836450579126,
      -3448.8364505791383,
      -3448.8364505791506,
      -3448.8364505791506
    ],
    "min_nec_margin": [
      -0.6263116093865742,
      -0.6263116093865743,
      -0.6263116093865744,
      -0.6263116093865744,
      -0.6263116093865744
    ],
    "pct_missed_wec": [
      0.0,
      0.0,
      0.0,
      0.0,
      0.0
    ],
    "pct_missed_dec": [
      0.0,
      0.0,
      0.0,
      0.0,
      0.0
    ],
    "time_s": [
      11.0,
      15.8,
      19.6,
      27.8,
      57.7
    ],
    "n_type_i": [
      122440,
      122440,
      122440,
      122440,
      122440
    ],
    "n_type_iv": [
      2560,
      2560,
      2560,
      2560,
      2560
    ],
    "max_imag_eigenvalue": [
      0.2668313456562044,
      0.2668313456562044,
      0.2668313456562044,
      0.2668313456562044,
      0.2668313456562044
    ]
  },
  "rodal": {
    "n_starts_values": [
      1,
      2,
      4,
      8,
      16
    ],
    "min_wec_margin": [
      -2.620341303101742e-06,
      -2.620341303101742e-06,
      -2.620341303101742e-06,
      -2.620341303101742e-06,
      -2.620341303101742e-06
    ],
    "min_wec_algebraic": [
      -2.620341303101742e-06,
      -2.620341303101742e-06,
      -2.620341303101742e-06,
      -2.620341303101742e-06,
      -2.620341303101742e-06
    ],
    "min_wec_opt": [
      -2.213698568575378e-07,
      -0.009425115211180501,
      -0.009425115211180503,
      -0.014426887955529103,
      -0.014426887955529103
    ],
    "min_nec_margin": [
      -2.620341303101742e-06,
      -2.620341303101742e-06,
      -2.620341303101742e-06,
      -2.620341303101742e-06,
      -2.620341303101742e-06
    ],
    "pct_missed_wec": [
      15.5968,
      15.5968,
      15.5968,
      15.5968,
      15.5968
    ],
    "pct_missed_dec": [
      28.531200000000002,
      28.531200000000002,
      28.531200000000002,
      28.531200000000002,
      28.531200000000002
    ],
    "time_s": [
      17.3,
      45.2,
      58.4,
      79.9,
      179.2
    ],
    "n_type_i": [
      125000,
      125000,
      125000,
      125000,
      125000
    ],
    "n_type_iv": [
      0,
      0,
      0,
      0,
      0
    ],
    "max_imag_eigenvalue": [
      0.0,
      0.0,
      0.0,
      0.0,
      0.0
    ]
  },
  "warpshell": {
    "n_starts_values": [
      1,
      2,
      4,
      8,
      16
    ],
    "min_wec_margin": [
      -2.253663485768966e+51,
      -2.5215662846150263e+51,
      -2.5215662846150263e+51,
      -2.253663485768966e+51,
      -2.253663485768966e+51
    ],
    "min_wec_algebraic": [
      -367899909860.9731,
      -367899909860.9731,
      -367899909860.9731,
      -367899909860.9731,
      -367899909860.9731
    ],
    "min_wec_opt": [
      -2.253663485768966e+51,
      -2.5215662846150263e+51,
      -2.5215662846150263e+51,
      -2.253663485768966e+51,
      -2.253663485768966e+51
    ],
    "min_nec_margin": [
      -4.288679968665551e+47,
      -4.60365862919476e+47,
      -5.630468719936553e+47,
      -4.9471235212767855e+47,
      -4.9471235212767855e+47
    ],
    "pct_missed_wec": [
      0.02,
      0.026400000000000003,
      0.0272,
      0.021599999999999998,
      0.0224
    ],
    "pct_missed_dec": [
      0.0056,
      0.0056,
      0.0072,
      0.008,
      0.008
    ],
    "time_s": [
      2.3,
      3.8,
      4.3,
      6.1,
      10.1
    ],
    "n_type_i": [
      124726,
      124726,
      124726,
      124726,
      124726
    ],
    "n_type_iv": [
      76,
      76,
      76,
      76,
      76
    ],
    "max_imag_eigenvalue": [
      3.138377031485116e+44,
      3.138377031485116e+44,
      3.138377031485116e+44,
      3.138377031485116e+44,
      3.138377031485116e+44
    ]
  }
}