{
  "alcubierre": {
    "n_starts_values": [
      1,
      2,
      4,
      8,
      16
    ],
    "min_wec_margin": [
      -3460.167157050206,
      -3460.167157050206,
      -3460.167157050206,
      -3460.167157050206,
      -3460.1671570502062
    ],
    "min_wec_algebraic": [
      -0.022677538058373164,
      -0.022677538058373164,
      -0.022677538058373164,
      -0.022677538058373164,
      -0.022677538058373164
    ],
    "min_wec_opt": [
      -3460.167157050206,
      -3460.167157050206,
      -3460.167157050206,
      -3460.167157050206,
      -3460.1671570502062
    ],
    "min_nec_margin": [
      -0.6283694438533751,
      -0.6283694438533752,
      -0.6283694438533752,
      -0.6283694438533752,
      -0.6283694438533753
    ],
    "pct_missed_wec": [
      0.0,
      0.0,
      0.0,
      0.0,
      0.0
    ],
    "pct_missed_dec": [
      0.0,
      0.0,
      0.0,
      0.0,
      0.0
    ],
    "time_s": [
      6.4,
      3.7,
      4.2,
      3.7,
      5.7
    ],
    "n_type_i": [
      118064,
      118064,
      118064,
      118064,
      118064
    ],
    "n_type_iv": [
      6936,
      6936,
      6936,
      6936,
      6936
    ],
    "max_imag_eigenvalue": [
      0.2667254290213819,
      0.2667254290213819,
      0.2667254290213819,
      0.2667254290213819,
      0.2667254290213819
    ]
  },
  "rodal": {
    "n_starts_values": [
      1,
      2,
      4,
      8,
      16
    ],
    "min_wec_margin": [
      -2.6203413031017407e-06,
      -2.6203413031017407e-06,
      -2.6203413031017407e-06,
      -2.6203413031017407e-06,
      -2.6203413031017407e-06
    ],
    "min_wec_algebraic": [
      -2.6203413031017407e-06,
      -2.6203413031017407e-06,
      -2.6203413031017407e-06,
      -2.6203413031017407e-06,
      -2.6203413031017407e-06
    ],
    "min_wec_opt": [
      null,
      null,
      null,
      null,
      null
    ],
    "min_nec_margin": [
      -2.6203413031017407e-06,
      -2.6203413031017407e-06,
      -2.6203413031017407e-06,
      -2.6203413031017407e-06,
      -2.6203413031017407e-06
    ],
    "pct_missed_wec": [
      15.5968,
      15.5968,
      15.5968,
      15.5968,
      15.5968
    ],
    "pct_missed_dec": [
      28.531200000000002,
      28.531200000000002,
      28.531200000000002,
      28.531200000000002,
      28.531200000000002
    ],
    "time_s": [
      0.2,
      0.2,
      0.2,
      0.2,
      0.2
    ],
    "n_type_i": [
      125000,
      125000,
      125000,
      125000,
      125000
    ],
    "n_type_iv": [
      0,
      0,
      0,
      0,
      0
    ],
    "max_imag_eigenvalue": [
      0.0,
      0.0,
      0.0,
      0.0,
      0.0
    ]
  },
  "warpshell": {
    "n_starts_values": [
      1,
      2,
      4,
      8,
      16
    ],
    "min_wec_margin": [
      -1.2977001248321407e+37,
      -1.3678631202929753e+37,
      -1.529727958776899e+37,
      -1.529727958776899e+37,
      -1.5927594093997696e+37
    ],
    "min_wec_algebraic": [
      -8.8751534671491e+20,
      -8.8751534671491e+20,
      -8.8751534671491e+20,
      -8.8751534671491e+20,
      -8.8751534671491e+20
    ],
    "min_wec_opt": [
      -1.2977001248321407e+37,
      -1.3678631202929753e+37,
      -1.529727958776899e+37,
      -1.529727958776899e+37,
      -1.5927594093997696e+37
    ],
    "min_nec_margin": [
      -3.043304380825654e+33,
      -3.043304380825654e+33,
      -3.158094897136224e+33,
      -3.158094897136224e+33,
      -3.158094897136224e+33
    ],
    "pct_missed_wec": [
      0.0472,
      0.0552,
      0.0584,
      0.0584,
      0.06080000000000001
    ],
    "pct_missed_dec": [
      0.008,
      0.009600000000000001,
      0.0104,
      0.0104,
      0.0104
    ],
    "time_s": [
      3.2,
      1.8,
      1.6,
      1.4,
      2.5
    ],
    "n_type_i": [
      124517,
      124517,
      124517,
      124517,
      124517
    ],
    "n_type_iv": [
      1,
      1,
      1,
      1,
      1
    ],
    "max_imag_eigenvalue": [
      2.807047928446507e+25,
      2.807047928446507e+25,
      2.807047928446507e+25,
      2.807047928446507e+25,
      2.807047928446507e+25
    ]
  }
}