{
  "alcubierre": {
    "n_starts_values": [
      1,
      2,
      4,
      8,
      16
    ],
    "min_wec_margin": [
      -3448.8364505791255,
      -3448.836450579126,
      -3448.836450579126,
      -3448.8364505791506,
      -3448.8364505791506
    ],
    "min_wec_algebraic": [
      -0.13792711500902935,
      -0.13792711500902935,
      -0.13792711500902935,
      -0.13792711500902935,
      -0.13792711500902935
    ],
    "min_wec_opt": [
      -3448.8364505791255,
      -3448.836450579126,
      -3448.836450579126,
      -3448.8364505791506,
      -3448.8364505791506
    ],
    "min_nec_margin": [
      -0.6263116093865743,
      -0.6263116093865743,
      -0.6263116093865743,
      -0.6263116093865744,
      -0.6263116093865744
    ],
    "pct_missed_wec": [
      0.0,
      0.0,
      0.0,
      0.0,
      0.0
    ],
    "pct_missed_dec": [
      0.0,
      0.0,
      0.0,
      0.0,
      0.0
    ],
    "time_s": [
      12.6,
      17.8,
      21.8,
      32.4,
      55.9
    ],
    "n_type_i": [
      122440,
      122440,
      122440,
      122440,
      122440
    ],
    "n_type_iv": [
      2560,
      2560,
      2560,
      2560,
      2560
    ],
    "max_imag_eigenvalue": [
      0.2668313456562045,
      0.2668313456562045,
      0.2668313456562045,
      0.2668313456562045,
      0.2668313456562045
    ]
  },
  "rodal": {
    "n_starts_values": [
      1,
      2,
      4,
      8,
      16
    ],
    "min_wec_margin": [
      -2.620341303101741e-06,
      -2.620341303101741e-06,
      -2.620341303101741e-06,
      -2.620341303101741e-06,
      -2.620341303101741e-06
    ],
    "min_wec_algebraic": [
      -2.620341303101741e-06,
      -2.620341303101741e-06,
      -2.620341303101741e-06,
      -2.620341303101741e-06,
      -2.620341303101741e-06
    ],
    "min_wec_opt": [
      -2.213698568575378e-07,
      -0.009425115211180508,
      -0.009425115211180508,
      -0.014426887955529103,
      -0.014426887955529103
    ],
    "min_nec_margin": [
      -2.620341303101741e-06,
      -2.620341303101741e-06,
      -2.620341303101741e-06,
      -2.620341303101741e-06,
      -2.620341303101741e-06
    ],
    "pct_missed_wec": [
      15.5968,
      15.5968,
      15.5968,
      15.5968,
      15.5968
    ],
    "pct_missed_dec": [
      28.531200000000002,
      28.531200000000002,
      28.531200000000002,
      28.531200000000002,
      28.531200000000002
    ],
    "time_s": [
      19.4,
      49.2,
      63.2,
      89.7,
      174.5
    ],
    "n_type_i": [
      125000,
      125000,
      125000,
      125000,
      125000
    ],
    "n_type_iv": [
      0,
      0,
      0,
      0,
      0
    ],
    "max_imag_eigenvalue": [
      0.0,
      0.0,
      0.0,
      0.0,
      0.0
    ]
  },
  "warpshell": {
    "n_starts_values": [
      1,
      2,
      4,
      8,
      16
    ],
    "min_wec_margin": [
      -2.253663485768966e+51,
      -2.5215662846150263e+51,
      -2.5215662846150263e+51,
      -2.253663485768966e+51,
      -2.253663485768966e+51
    ],
    "min_wec_algebraic": [
      -720041115348.3848,
      -720041115348.3848,
      -720041115348.3848,
      -720041115348.3848,
      -720041115348.3848
    ],
    "min_wec_opt": [
      -2.253663485768966e+51,
      -2.5215662846150263e+51,
      -2.5215662846150263e+51,
      -2.253663485768966e+51,
      -2.253663485768966e+51
    ],
    "min_nec_margin": [
      -4.288679968665551e+47,
      -4.60365862919476e+47,
      -5.630468719936553e+47,
      -4.9471235212767855e+47,
      -4.9471235212767855e+47
    ],
    "pct_missed_wec": [
      0.019200000000000002,
      0.027999999999999997,
      0.030400000000000003,
      0.0224,
      0.0224
    ],
    "pct_missed_dec": [
      0.0048000000000000004,
      0.0063999999999999994,
      0.008,
      0.008,
      0.008
    ],
    "time_s": [
      2.7,
      3.9,
      4.6,
      6.1,
      9.9
    ],
    "n_type_i": [
      124743,
      124743,
      124743,
      124743,
      124743
    ],
    "n_type_iv": [
      85,
      85,
      85,
      85,
      85
    ],
    "max_imag_eigenvalue": [
      3.138377031485116e+44,
      3.138377031485116e+44,
      3.138377031485116e+44,
      3.138377031485116e+44,
      3.138377031485116e+44
    ]
  }
}