{
  "resolutions": [
    25,
    50,
    100
  ],
  "min_nec_margin_eulerian": [
    -9.856770589881999e+24,
    -2.9639477323545113e+33,
    -1.0082625565022357e+34
  ],
  "integrated_nec_violation_eulerian": [
    -2.1066870594378903e+25,
    -6.299315861466321e+33,
    -1.1987778199397795e+34
  ],
  "min_wec_margin_eulerian": [
    -2.6646350607297525e+78,
    -7.267258131315673e+85,
    -1.6773049424386177e+91
  ],
  "min_nec_margin_robust": [
    -9.856770598928113e+24,
    -3.158094897136224e+33,
    null
  ],
  "integrated_nec_violation_robust": [
    -2.1599265194849247e+25,
    -6.674053664734841e+33,
    null
  ],
  "min_wec_margin_robust": [
    -5.427757190272193e+28,
    -1.529727958776899e+37,
    null
  ],
  "n_type_i": [
    15554,
    124508,
    null
  ],
  "n_type_iv": [
    0,
    1,
    null
  ],
  "time_s": [
    6.8,
    7.4,
    6.8
  ],
  "richardson_order_min_nec_eulerian": -1.2640893093133594,
  "extrapolated_min_nec_eulerian": 2.1144540867391353e+33,
  "richardson_order_integrated_nec_eulerian": 0.14715642126452286,
  "extrapolated_integrated_nec_eulerian": -6.49605509498677e+34
}