{
  "params": {
    "v_s": 0.5,
    "R_b": 1.0,
    "sigma": 8.0,
    "x_start": -8.0,
    "affine_span": 16.0,
    "num_steps": 8192,
    "order": 4,
    "null_tol": 1e-06,
    "integrator": "symplectic (Tao 2016 extended phase space, Yoshida-4)"
  },
  "minkowski_sentinel_abs": 0.0,
  "minkowski_sentinel_witness": 0.0,
  "order": [
    "Alcubierre",
    "Nat\u00e1rio",
    "Van den Broeck",
    "Rodal"
  ],
  "metrics": {
    "Alcubierre": {
      "on_axis": 0.08280457108421059,
      "min_line_integral": -0.17465374070807574,
      "b_at_min": 1.1212413793103446,
      "max_line_integral": 0.17585051340764044,
      "worst_witness_g_kk": 1.4957398799493336e-08,
      "fraction_null_preserved": 1.0,
      "all_null_preserved": true,
      "b_scan": [
        0.001,
        0.08717241379310345,
        0.1733448275862069,
        0.2595172413793103,
        0.3456896551724138,
        0.43186206896551727,
        0.5180344827586206,
        0.6042068965517241,
        0.6903793103448276,
        0.776551724137931,
        0.8627241379310345,
        0.9488965517241379,
        1.0350689655172411,
        1.1212413793103446,
        1.207413793103448,
        1.2935862068965516,
        1.379758620689655,
        1.4659310344827585,
        1.552103448275862,
        1.6382758620689655,
        1.724448275862069,
        1.8106206896551722,
        1.8967931034482757,
        1.9829655172413791,
        2.0691379310344824,
        2.155310344827586,
        2.2414827586206894,
        2.327655172413793,
        2.4138275862068963,
        2.5
      ],
      "line_integral_scan": [
        0.08280457108421059,
        0.08319267462682539,
        0.08435525192584714,
        0.08634158820171146,
        0.0892414918218922,
        0.09319937407477881,
        0.0984390136023399,
        0.10530419775911064,
        0.11431224415697906,
        0.12618721369714073,
        0.14203963983005344,
        0.1618122069359537,
        0.17585051340764044,
        -0.17465374070807574,
        -0.09072174751711148,
        -0.02116852734064246,
        -0.005377620208918793,
        -0.0013917523554839622,
        -0.00036142969228674965,
        -9.382106559933969e-05,
        -2.432193208462554e-05,
        -6.2959962180873655e-06,
        -1.6275432893730264e-06,
        -4.201961397336227e-07,
        -1.0836067751884218e-07,
        -2.7914854948100232e-08,
        -7.184255451006631e-09,
        -1.8473322556432207e-09,
        -4.746300783759324e-10,
        -1.2185429287866097e-10
      ],
      "witness_scan": [
        1.4957398799493336e-08,
        1.4874060266442668e-08,
        1.4621439770740041e-08,
        1.418098311001259e-08,
        1.3528605513624115e-08,
        1.263656335126484e-08,
        1.1441280922674935e-08,
        9.921417382097175e-09,
        8.036245668918696e-09,
        5.812313574882211e-09,
        3.4042048069338193e-09,
        3.0019576824358296e-09,
        3.045618868213751e-09,
        8.557271780063047e-09,
        9.268599776568465e-12,
        1.4076336667459555e-12,
        3.0860342103614493e-13,
        5.565559618326958e-13,
        1.7506015697825287e-12,
        1.1587904302172684e-12,
        1.2081922736409932e-12,
        1.792052874606402e-12,
        4.567980841510433e-13,
        4.833689441938389e-13,
        4.685563321545771e-13,
        6.555941485475643e-13,
        5.190015472811527e-13,
        5.551206558809777e-13,
        5.306860040054703e-13,
        9.037219374081695e-14
      ],
      "method_scan": [
        "symplectic",
        "symplectic",
        "symplectic",
        "symplectic",
        "symplectic",
        "symplectic",
        "symplectic",
        "symplectic",
        "symplectic",
        "symplectic",
        "symplectic",
        "symplectic",
        "symplectic",
        "symplectic",
        "symplectic",
        "symplectic",
        "symplectic",
        "symplectic",
        "symplectic",
        "symplectic",
        "symplectic",
        "symplectic",
        "symplectic",
        "symplectic",
        "symplectic",
        "symplectic",
        "symplectic",
        "symplectic",
        "symplectic",
        "symplectic"
      ],
      "projection_scan": [
        null,
        null,
        null,
        null,
        null,
        null,
        null,
        null,
        null,
        null,
        null,
        null,
        null,
        null,
        null,
        null,
        null,
        null,
        null,
        null,
        null,
        null,
        null,
        null,
        null,
        null,
        null,
        null,
        null,
        null
      ]
    },
    "Nat\u00e1rio": {
      "on_axis": -0.24443450216680232,
      "min_line_integral": -0.8996482122947521,
      "b_at_min": 0.6042068965517241,
      "max_line_integral": 0.22625280678200674,
      "worst_witness_g_kk": 0.004828776436974724,
      "fraction_null_preserved": 0.6333333333333333,
      "all_null_preserved": false,
      "b_scan": [
        0.001,
        0.08717241379310345,
        0.1733448275862069,
        0.2595172413793103,
        0.3456896551724138,
        0.43186206896551727,
        0.5180344827586206,
        0.6042068965517241,
        0.6903793103448276,
        0.776551724137931,
        0.8627241379310345,
        0.9488965517241379,
        1.0350689655172411,
        1.1212413793103446,
        1.207413793103448,
        1.2935862068965516,
        1.379758620689655,
        1.4659310344827585,
        1.552103448275862,
        1.6382758620689655,
        1.724448275862069,
        1.8106206896551722,
        1.8967931034482757,
        1.9829655172413791,
        2.0691379310344824,
        2.155310344827586,
        2.2414827586206894,
        2.327655172413793,
        2.4138275862068963,
        2.5
      ],
      "line_integral_scan": [
        -0.24443450216680232,
        -0.2482966359508257,
        -0.2629976030104139,
        -0.29981378236253114,
        -0.3854594393824427,
        -0.5720867823228024,
        -0.8312252141870538,
        -0.8996482122947521,
        -0.7217146010883938,
        -0.4320837902272102,
        -0.2040250249551901,
        0.04301809724943183,
        0.055979396654703396,
        0.22625280678200674,
        0.09055886745622298,
        0.16135223785601707,
        -0.22169781585232745,
        -0.04351436581719024,
        -0.011283274910990857,
        -0.0030691282331459222,
        -0.0008418984601594793,
        -0.00023066321644774982,
        -6.297561297089332e-05,
        -1.7127686839809786e-05,
        -4.641252629257271e-06,
        -1.2534470776706455e-06,
        -3.3746972463761455e-07,
        -9.060123294747733e-08,
        -2.4260726121359436e-08,
        -6.480855939542602e-09
      ],
      "witness_scan": [
        4.523429813737828e-08,
        4.652127995330435e-08,
        5.474330927457416e-08,
        1.0441221820478575e-07,
        4.2843708669693115e-07,
        3.880515708321042e-06,
        3.487083163689064e-05,
        3.254848623468476e-05,
        7.726068988089807e-05,
        0.00023785069301007766,
        0.0004917247153772841,
        0.0009393900213616746,
        0.0017718634791810128,
        0.0033326136348261204,
        0.004828776436974724,
        0.003172210895364014,
        1.654182069099619e-10,
        9.50828651924418e-12,
        2.5975644703767065e-12,
        7.560757592516053e-13,
        1.6034269651597928e-12,
        2.0623342950146962e-13,
        1.554569730583706e-12,
        2.9842456628743286e-12,
        1.7647399981321212e-12,
        1.8077580206093451e-12,
        1.4781085698441358e-12,
        2.000948089643036e-12,
        1.9323476674223998e-12,
        1.6481185588817303e-12
      ],