{
  "params": {
    "v_s": 0.5,
    "R_b": 1.0,
    "sigma": 8.0,
    "x_bounds": [
      -8.0,
      8.0
    ],
    "n_samples": 1024,
    "tangent_norm": "null_projected"
  },
  "minkowski_sentinel_abs": 0.0,
  "order": [
    "Alcubierre",
    "Nat\u00e1rio",
    "Van den Broeck",
    "Rodal"
  ],
  "metrics": {
    "Alcubierre": {
      "on_axis": -0.08066470399762173,
      "min_line_integral": -0.39652288820580517,
      "b_at_min": 0.8550886075949368,
      "max_line_integral": 0.3552776829204374,
      "b_scan": [
        0.001,
        0.03263291139240507,
        0.06426582278481013,
        0.0958987341772152,
        0.12753164556962027,
        0.15916455696202533,
        0.1907974683544304,
        0.22243037974683547,
        0.25406329113924053,
        0.2856962025316456,
        0.31732911392405067,
        0.3489620253164557,
        0.3805949367088608,
        0.4122278481012659,
        0.44386075949367093,
        0.47549367088607597,
        0.5071265822784811,
        0.5387594936708862,
        0.5703924050632913,
        0.6020253164556962,
        0.6336582278481013,
        0.6652911392405064,
        0.6969240506329114,
        0.7285569620253165,
        0.7601898734177216,
        0.7918227848101267,
        0.8234556962025318,
        0.8550886075949368,
        0.8867215189873419,
        0.918354430379747,
        0.9499873417721519,
        0.981620253164557,
        1.013253164556962,
        1.044886075949367,
        1.0765189873417722,
        1.1081518987341772,
        1.1397848101265824,
        1.1714177215189874,
        1.2030506329113924,
        1.2346835443037976,
        1.2663164556962025,
        1.2979493670886075,
        1.3295822784810127,
        1.3612151898734177,
        1.3928481012658227,
        1.424481012658228,
        1.456113924050633,
        1.487746835443038,
        1.519379746835443,
        1.551012658227848,
        1.5826455696202533,
        1.6142784810126583,
        1.6459113924050635,
        1.6775443037974684,
        1.7091772151898734,
        1.7408101265822786,
        1.7724430379746836,
        1.8040759493670886,
        1.8357088607594938,
        1.8673417721518988,
        1.8989746835443038,
        1.930607594936709,
        1.962240506329114,
        1.9938734177215192,
        2.025506329113924,
        2.0571392405063293,
        2.088772151898734,
        2.1204050632911393,
        2.1520379746835445,
        2.1836708860759493,
        2.2153037974683545,
        2.2469367088607597,
        2.278569620253165,
        2.3102025316455697,
        2.341835443037975,
        2.37346835443038,
        2.405101265822785,
        2.43673417721519,
        2.4683670886075952,
        2.5
      ],
      "line_integral_scan": [
        -0.08066470399762173,
        -0.08081459656787042,
        -0.08124825865324611,
        -0.08197102936002475,
        -0.08299197389029726,
        -0.08432425846956976,
        -0.08598571583806137,
        -0.08799964910287006,
        -0.09039594417368936,
        -0.0932125912930717,
        -0.09649775738214873,
        -0.1003126066610641,
        -0.10473514091097229,
        -0.1098654249283702,
        -0.11583267381191456,
        -0.12280478873403054,
        -0.131000983952773,
        -0.14070801871858116,
        -0.15229993168206798,
        -0.16625941071551606,
        -0.1831946190439359,
        -0.20383559965473705,
        -0.22897386799086078,
        -0.2592682390790784,
        -0.2947675925891762,
        -0.3338973245818583,
        -0.37159106505083866,
        -0.39652288820580517,
        -0.38876511999278873,
        -0.32245629895141587,
        -0.18076013445431255,
        0.01831432752971318,
        0.21256093520784403,
        0.3327119297448396,
        0.3552776829204374,
        0.308265272972179,
        0.23483748112842973,
        0.16464494808039618,
        0.10953205684480966,
        0.07051902625093179,
        0.044489817515883226,
        0.027718926705980564,
        0.017136783652082464,
        0.010543580512154326,
        0.006467338978482469,
        0.003959242225829487,
        0.0024206609763180917,
        0.0014786538353929893,
        0.0009026461750664041,
        0.0005507495216158701,
        0.0003359066590499774,
        0.00020480395540625502,
        0.00012483359860527177,
        7.606951123585247e-05,
        4.634307288053318e-05,
        2.822675732208762e-05,
        1.7188762422934992e-05,
        1.0465024860860302e-05,
        6.370183034992644e-06,
        3.876886296914608e-06,
        2.359048729551952e-06,
        1.4352131050694197e-06,
        8.730200814701931e-07,
        5.309614596282085e-07,
        3.228755030701127e-07,
        1.9631017196833018e-07,
        1.193406169593084e-07,
        7.253933488895981e-08,
        4.408599252353996e-08,
        2.6789912275605792e-08,
        1.627748645551852e-08,
        9.888956374412057e-09,
        6.007063809201831e-09,
        3.648583217430772e-09,
        2.2158377634361157e-09,
        1.3455651144649301e-09,
        8.170075097631723e-10,
        4.960244304622134e-10,
        3.0111842551931475e-10,
        1.8278059374049324e-10
      ]
    },
    "Nat\u00e1rio": {
      "on_axis": 0.028700742798083177,
      "min_line_integral": -3.5032375435581398,
      "b_at_min": 0.981620253164557,
      "max_line_integral": 0.7565524175635148,
      "b_scan": [
        0.001,
        0.03263291139240507,
        0.06426582278481013,
        0.0958987341772152,
        0.12753164556962027,
        0.15916455696202533,
        0.1907974683544304,
        0.22243037974683547,
        0.25406329113924053,
        0.2856962025316456,
        0.31732911392405067,
        0.3489620253164557,
        0.3805949367088608,
        0.4122278481012659,
        0.44386075949367093,
        0.47549367088607597,
        0.5071265822784811,
        0.5387594936708862,
        0.5703924050632913,
        0.6020253164556962,
        0.6336582278481013,
        0.6652911392405064,
        0.6969240506329114,
        0.7285569620253165,
        0.7601898734177216,
        0.7918227848101267,
        0.8234556962025318,
        0.8550886075949368,
        0.8867215189873419,
        0.918354430379747,
        0.9499873417721519,
        0.981620253164557,
        1.013253164556962,
        1.044886075949367,
        1.0765189873417722,
        1.1081518987341772,
        1.1397848101265824,
        1.1714177215189874,
        1.2030506329113924,
        1.2346835443037976,
        1.2663164556962025,
        1.2979493670886075,
        1.3295822784810127,
        1.3612151898734177,
        1.3928481012658227,
        1.424481012658228,
        1.456113924050633,
        1.487746835443038,
        1.519379746835443,
        1.551012658227848,
        1.5826455696202533,
        1.6142784810126583,
        1.6459113924050635,
        1.6775443037974684,
        1.7091772151898734,
        1.7408101265822786,
        1.7724430379746836,
        1.8040759493670886,
        1.8357088607594938,
        1.8673417721518988,
        1.8989746835443038,
        1.930607594936709,
        1.962240506329114,
        1.9938734177215192,
        2.025506329113924,
        2.0571392405063293,
        2.088772151898734,
        2.1204050632911393,
        2.1520379746835445,
        2.1836708860759493,
        2.2153037974683545,
        2.2469367088607597,
        2.278569620253165,
        2.3102025316455697,
        2.341835443037975,
        2.37346835443038,
        2.405101265822785,
        2.43673417721519,
        2.4683670886075952,
        2.5
      ],