{
  "params": {
    "v_s": 0.5,
    "R_b": 1.0,
    "sigma": 8.0,
    "x_start": -8.0,
    "affine_span": 16.0,
    "num_steps": 8192,
    "order": 4,
    "null_tol": 1e-06,
    "integrator": "symplectic (Tao 2016 extended phase space, Yoshida-4)"
  },
  "minkowski_sentinel_abs": 0.0,
  "minkowski_sentinel_witness": 0.0,
  "order": [
    "Alcubierre",
    "Nat\u00e1rio",
    "Van den Broeck",
    "Rodal"
  ],
  "metrics": {
    "Alcubierre": {
      "on_axis": -0.038612074754773455,
      "min_line_integral": -0.15869585428003302,
      "b_at_min": 0.43186206896551727,
      "max_line_integral": 0.22059636077677905,
      "worst_witness_g_kk": 3.9071673674229146e-10,
      "fraction_null_preserved": 1.0,
      "all_null_preserved": true,
      "b_scan": [
        0.001,
        0.08717241379310345,
        0.1733448275862069,
        0.2595172413793103,
        0.3456896551724138,
        0.43186206896551727,
        0.5180344827586206,
        0.6042068965517241,
        0.6903793103448276,
        0.776551724137931,
        0.8627241379310345,
        0.9488965517241379,
        1.0350689655172411,
        1.1212413793103446,
        1.207413793103448,
        1.2935862068965516,
        1.379758620689655,
        1.4659310344827585,
        1.552103448275862,
        1.6382758620689655,
        1.724448275862069,
        1.8106206896551722,
        1.8967931034482757,
        1.9829655172413791,
        2.0691379310344824,
        2.155310344827586,
        2.2414827586206894,
        2.327655172413793,
        2.4138275862068963,
        2.5
      ],
      "line_integral_scan": [
        -0.038612074754773455,
        -0.03936977964156371,
        -0.04205966237497164,
        -0.0490384368790097,
        -0.07698707264696879,
        -0.15869585428003302,
        -0.04495207691004678,
        0.072618082792325,
        0.1560606187135598,
        0.20340384302255715,
        0.22059636077677905,
        0.2125583232326532,
        0.18180734966217252,
        0.1298023147904407,
        0.06860270711542697,
        0.02556507853227958,
        0.00758402347670268,
        0.002052981805352073,
        0.0005397252315470423,
        0.00014056395052006288,
        3.647120413930324e-05,
        9.443147011073842e-06,
        2.441245392439839e-06,
        6.302866063358681e-07,
        1.6253980159217457e-07,
        4.1872030314915047e-08,
        1.077632516367657e-08,
        2.7709844734288e-09,
        7.119420361229012e-10,
        1.8278055023812894e-10
      ],
      "witness_scan": [
        2.740794652170852e-10,
        2.750096699845328e-10,
        2.765685579858568e-10,
        2.8158277445844426e-10,
        2.844332408491468e-10,
        3.9071673674229146e-10,
        1.2729806098121799e-10,
        9.08526448517577e-11,
        7.305006599622743e-11,
        5.649153367315307e-11,
        3.7480046843896275e-11,
        1.8754650610297574e-11,
        6.289566090167398e-12,
        1.1934966903659472e-12,
        2.8449172271433065e-13,
        3.7833606550755917e-13,
        4.0778681254280175e-13,
        3.191135515353432e-13,
        5.242318934370294e-13,
        5.076111283152332e-13,
        5.468760517773748e-13,
        1.4855293701521994e-13,
        8.379877014559233e-13,
        1.1721375630493126e-13,
        9.596250284489075e-14,
        3.314818736331646e-14,
        3.8794546095190425e-14,
        2.9525395150618655e-14,
        1.9317880796652932e-14,
        4.596328318471443e-14
      ],
      "method_scan": [
        "symplectic",
        "symplectic",
        "symplectic",
        "symplectic",
        "symplectic",
        "symplectic",
        "symplectic",
        "symplectic",
        "symplectic",
        "symplectic",
        "symplectic",
        "symplectic",
        "symplectic",
        "symplectic",
        "symplectic",
        "symplectic",
        "symplectic",
        "symplectic",
        "symplectic",
        "symplectic",
        "symplectic",
        "symplectic",
        "symplectic",
        "symplectic",
        "symplectic",
        "symplectic",
        "symplectic",
        "symplectic",
        "symplectic",
        "symplectic"
      ],
      "projection_scan": [
        null,
        null,
        null,
        null,
        null,
        null,
        null,
        null,
        null,
        null,
        null,
        null,
        null,
        null,
        null,
        null,
        null,
        null,
        null,
        null,
        null,
        null,
        null,
        null,
        null,
        null,
        null,
        null,
        null,
        null
      ]
    },
    "Nat\u00e1rio": {
      "on_axis": 0.1914351891616423,
      "min_line_integral": -0.05096449632432318,
      "b_at_min": 0.776551724137931,
      "max_line_integral": 0.6337302177917944,
      "worst_witness_g_kk": 7.919605016226683e-08,
      "fraction_null_preserved": 1.0,
      "all_null_preserved": true,
      "b_scan": [
        0.001,
        0.08717241379310345,
        0.1733448275862069,
        0.2595172413793103,
        0.3456896551724138,
        0.43186206896551727,
        0.5180344827586206,
        0.6042068965517241,
        0.6903793103448276,
        0.776551724137931,
        0.8627241379310345,
        0.9488965517241379,
        1.0350689655172411,
        1.1212413793103446,
        1.207413793103448,
        1.2935862068965516,
        1.379758620689655,
        1.4659310344827585,
        1.552103448275862,
        1.6382758620689655,
        1.724448275862069,
        1.8106206896551722,
        1.8967931034482757,
        1.9829655172413791,
        2.0691379310344824,
        2.155310344827586,
        2.2414827586206894,
        2.327655172413793,
        2.4138275862068963,
        2.5
      ],
      "line_integral_scan": [
        0.1914351891616423,
        0.19217506246390348,
        0.18243280921457897,
        0.08346380353404113,
        0.3640073444309904,
        0.5870984972734726,
        0.6337302177917944,
        0.54499069988013,
        0.0724727603963005,
        -0.05096449632432318,
        0.11743458603440889,
        0.1861619528261422,
        0.20225520379374215,
        0.18169536702372605,
        0.1356684141719888,
        0.07968177671895531,
        0.03490336196442733,
        0.011914206446232138,
        0.0035570789140162884,
        0.001007058789291043,
        0.0002794000596065583,
        7.679483313081603e-05,
        2.0985227484525042e-05,
        5.708833538978611e-06,
        1.5470813387278705e-06,
        4.1782226640617674e-07,
        1.1249211894050613e-07,
        3.0201011675961846e-08,
        8.08706403823054e-09,
        2.1603247589079023e-09
      ],
      "witness_scan": [
        5.080236690087535e-09,
        5.761656918928937e-09,
        8.59793251872798e-09,
        3.552472838119769e-08,
        7.605291063583763e-09,
        5.4475262634134936e-09,
        8.785260408039619e-09,
        9.713051529747219e-09,
        7.919605016226683e-08,
        8.28237478600613e-11,
        8.492467840071072e-11,
        8.030728859687031e-11,
        5.1229936959273914e-11,
        2.1134954897306102e-11,
        5.650577228344389e-12,
        9.783042431710243e-13,
        5.896602650601324e-13,
        3.348177312657852e-13,
        4.3553856132532917e-13,
        3.5563404875333954e-13,
        1.4351103431216573e-13,
        2.5297522494397797e-13,
        3.050831199277555e-13,
        5.457074248697904e-13,
        3.6628163495415907e-13,
        5.3533596865519e-13,
        1.9919085953712265e-13,
        3.9706039344897493e-14,
        1.3599486917504398e-12,
        2.7533960685364368e-14
      ],